"","cont1","cont2","cont3","test1","test2","test3","gen"
"1",10.6680382670607,11.0528796997724,11.0277971455246,10.8777708653239,10.5902273035406,10.7194042811021,"PHOX2B"
"2",8.45663656135129,9.00532996114624,8.48228634550423,9.06225911835973,8.62372015714151,8.60173912278266,"LIFR-AS1"
"3",4.45297172266781,5.03168502415324,4.98103378319156,4.69036063444084,4.71426502680538,4.602127527835,"CDCA5"
"4",8.45983672489992,8.35529084250487,7.93879522268598,8.25319799805513,8.33480669863907,8.29394861306962,"CACNG6"
"5",6.0358442822667,5.99639620725383,5.76841966192821,5.44546525257797,5.99089945523349,5.76124937685574,"C4orf22"
"6",5.29722814773462,5.80501753071265,5.53092995286697,5.41089442916354,5.12419501193812,5.16152707240596,"SNX32"
"7",11.8430022173791,12.1160788402301,12.1372689949287,11.7855260930879,12.2545738704243,11.8767601157053,"LINC00910"
"8",8.41481119593707,8.21952991173688,8.40569170788497,8.12373571414923,8.16646536583777,8.51540152915636,"TLL1"
"9",5.07886143123882,4.87333049263682,4.77347847941838,4.84078785684068,5.02646863839086,4.93820553460368,"TBX10"
"10",6.30118157334432,6.47770982626574,6.39985160879434,6.46275192601846,6.18793603931614,6.15495388135152,"PLB1"
"11",10.0963542780389,10.0821977759991,10.0449413808832,9.71803446316774,9.72043680465011,9.59519231749872,"TCTEX1D4"
"12",7.7082745909796,7.41589948530565,7.5116532795596,7.65184093770752,7.72340909486412,8.05238042017528,"C1orf95"
"13",6.41071715159658,6.75023842017815,6.66330167635454,5.16534455752676,5.80486729336403,4.70455801600052,"LOC105369631"
"14",6.83175454795241,6.94639056623656,6.79434038720061,5.43954367456223,5.42665688033144,6.10777254136288,"LPAR5"
"15",7.36557763582083,7.43656427426894,7.64970992643388,7.31594330748092,7.52364073490369,7.95158360994383,"C7orf71"
"16",8.80369944146773,8.80625048412348,8.94444527764744,8.86118018944715,9.10531606044119,8.76252010142112,"DFNA7"
"17",14.383701229393,14.8622411609308,14.7401423993486,14.0287923408673,13.8382911447194,13.2488341170233,"ACRBP"
"18",5.66826382296723,5.22895173134405,5.28540365267046,5.49198897841179,5.35389593597994,5.6942666695881,"NPHP1"
"19",12.8626451592791,12.8227823715456,12.9193788983771,13.1488103313556,12.7772503218845,13.1310486167853,"PDE5A"
"20",8.6415725793646,9.10165694848642,8.63439811251491,8.88153342851692,8.58371990075843,8.56523524061743,"TCN2"
"21",10.271278379162,9.72470120407443,10.2093950874595,10.3586370829654,9.85776695770398,10.1455441753876,"PKD3"
"22",6.1116324605085,6.14229364630379,6.23662731025273,6.51695455472789,6.42417882012178,6.1996594712535,"SRM"
"23",6.90610240715595,6.84357282209526,6.73246769420305,7.17898688396315,6.68565496468765,6.5646213445551,"NOP10"
"24",8.76275885397526,8.44150030090639,8.80284834719852,8.72547658797193,8.82840130965216,8.63177612095944,"MDN1"
"25",4.14475544963979,4.60447734746439,4.63737896702814,4.37262980485921,4.71876371929817,4.2052337227168,"FKBP3"
"26",7.36482188793697,6.94063441844234,7.178122082433,7.27377827197474,7.22384532985044,7.53586852142743,"ZNF480"
"27",12.6924476494558,13.2479048317052,13.1732710691524,13.1394904427956,12.9403427871137,12.7685987214687,"RMI2"
"28",14.0478598509989,14.4231537488947,14.4340794670917,14.4782391665272,14.2538773913544,14.3082780681135,"PHF20"
"29",9.55510978305132,9.40323676021964,9.03580679125223,8.97704710426127,9.51835424078339,9.02864588453786,"SNX29"
"30",8.45035683422669,8.63904503024986,8.33558321438304,8.682341615122,8.29048062223767,8.26917707587658,"USP22"
"31",5.4876270816151,5.5522924324643,5.14930174349946,3.46506929702909,2.6809354297753,3.72345769579563,"ING4"
"32",8.77122842802295,9.32960224441255,9.21070894110717,8.96407388415526,9.0732153392489,9.14529778934384,"RMND5B"
"33",10.7567116881118,11.2623951551672,11.0502371664729,10.7888559593657,10.8211996490241,11.3025183224949,"ZNF717"
"34",8.85688707870611,8.80224891427037,9.22213323297202,8.69905897326893,9.05949871785222,8.84947906889688,"GIMAP8"
"35",9.08899515406582,9.04140177705531,9.07211727876497,6.85519951568167,6.70089989397515,6.01390258275032,"ZNF384"
"36",8.53596836718004,8.00952732860296,7.94069723588046,7.86734211572873,8.11727606042958,8.0073814972464,"KCNV1"
"37",8.40383198510309,7.70437474398826,8.39392563781539,7.85479919364394,8.33499523277582,8.31994851825538,"ZNF705B"
"38",8.00693697790185,8.08979473780663,7.8558118650101,7.79205008744397,7.88855714354644,8.37747322213938,"ZHX3"
"39",7.96680689651079,7.46270815431299,7.73737846334525,7.64073896991117,7.61980317688913,7.71872563363691,"APOA2"
"40",8.33699629070207,7.99947463374112,8.51558323764064,7.98221476486811,8.25212693268571,8.32941264782332,"OR2AJ1"
"41",12.3867864371999,12.4651877619287,12.291141761192,12.0336324127202,12.2574787397049,12.484810504236,"PDE4D"
"42",7.09254340315429,7.31115825473578,7.04529480324387,6.83794455555523,6.85375296017317,7.03020506346461,"RAB3GAP2"
"43",7.97197879537564,8.20436607998713,8.29106296387922,8.26678241399309,7.77260337498116,7.9319587869226,"CHD1"
"44",7.4209376395299,7.4797345421453,7.10049125375701,6.99586435017926,7.22459222406883,7.28542881430669,"CES4A"
"45",6.45529914403165,5.80548976696217,5.83905743512344,6.33217299261376,5.92712022621446,6.30460162350643,"LINC01393"
"46",9.45965198391059,9.39150531151962,9.83030099087662,9.29583390182903,9.82082913279159,9.47620067958062,"CDH23-AS1"
"47",4.34045005495226,4.2020223617341,4.12791721912311,4.72765566945349,4.61649116962345,4.30970438738715,"IGHD4-11"
"48",5.24643865587911,5.46292188010996,5.25685723412352,5.56663524942061,5.45688543964641,5.14303420128414,"ZNF609"
"49",14.5214153986067,14.4671165443559,14.2067258148405,14.375277014938,14.1197330063574,14.227085690718,"PKNOX2"
"50",13.0176993434324,12.5696251091349,12.9174973397253,12.5407767742731,12.9746000268163,13.0936669322955,"OR4K5"
"51",10.8374841601246,10.7803058951889,10.6914753208028,10.46439937395,10.7672489224812,10.5738607521368,"NYAP1"
"52",4.5202846787326,4.42596844059857,4.57170613812347,4.57922594652398,4.62681932944832,4.35587979206238,"TENM4"
"53",6.87457749610117,7.0640525654964,6.92177624771713,7.29538837747905,7.15070416583127,7.27933223964247,"POP1"
"54",5.10694461496963,5.12717471039268,4.84603155353532,5.00296232201004,5.08956287706497,4.92442410043051,"RIPK4"
"55",12.4920654234423,12.4811363468165,12.6123622930805,12.5794114218485,11.9968183874318,12.5984349591554,"OR52I1"
"56",6.61001098911432,6.93142466056528,6.54291348630728,6.65892331952719,6.92224970414371,6.71687793725422,"SCFD1"
"57",4.42547258433506,4.04000447266237,4.58155232231267,4.50550040082653,3.98837111583563,4.08080608976022,"RAD9B"
"58",11.3306956675036,11.2553019588365,11.7036382351099,11.5983534344881,11.6477715355646,11.4589760081001,"TMEM229A"
"59",14.0559835723237,14.3767017780846,14.2903731382935,13.951982690483,13.9250159512196,13.977640471447,"CREB5"
"60",6.86096042430889,6.39430387810503,6.62409294514682,6.76949389882921,7.06054503901345,6.45750303655777,"PRMT3"
"61",7.92599344038521,8.076231003542,7.76629826546423,7.39870677057056,7.80205237441244,8.07190072612999,"OGFR"
"62",9.00941344837152,9.32914472285056,9.54426494335394,9.12037204593145,9.04184445595653,9.14522610375456,"TIPIN"
"63",7.07678967371744,7.31834569479953,6.92585871605693,7.48904931777592,7.56753038195485,7.08437583236373,"MCCC2"
"64",12.9126416148928,12.985586965447,12.7512895205474,12.0422631249734,11.3386872089316,11.9785305310343,"PIANP"
"65",10.0500614162175,10.2993419690612,10.0477649041228,9.95671961754988,9.78500043356312,9.78929162553121,"NKD2"
"66",5.82731056851126,5.92629379889724,5.75243516377845,5.90477996227118,5.54863425276952,6.10350146494854,"NPIPB8"
"67",8.84267444369953,8.81865381011794,8.95643431253039,8.75753766963399,8.83777199396868,8.76265997421618,"FAM150A"
"68",6.57801775692028,6.53846010985989,7.15851997828513,7.05978497001942,7.12779247219869,7.12553705631814,"HCRTR2"
"69",7.00111695971518,7.12180098817046,7.34409289330642,7.56411488612342,7.39343644906918,7.57082050140277,"SOWAHB"
"70",6.96026551553516,7.10535069094231,7.27626421420941,6.93228001849875,7.3236958682045,7.19649727272074,"PLCG1-AS1"
"71",4.90063922467235,4.81026037971056,5.24582976845852,4.97607376357088,4.60334096683541,5.25558616917799,"HNRNPUL1"
"72",12.7746896797394,12.7322315689695,12.7624028136765,12.3460652018397,12.1841493373099,12.6340043013862,"C3orf30"
"73",9.34025993848044,9.60749558538362,9.30871114532683,9.49996828059614,9.72963741505089,9.46029972027935,"CD209"
"74",9.89250959391169,9.72028936160363,9.53223189407695,9.94329044341893,9.61611241784883,9.91035617017781,"FTCDNL1"
"75",6.28784612446494,5.6803994395167,6.24054282189056,6.31053112628093,6.29114745860068,5.7361071255939,"ZKSCAN4"
"76",11.3535760165706,10.9730553060104,11.2423437819746,11.1113365343422,11.394785103462,11.1833510859135,"RUNDC3B"
"77",11.1999191861296,11.0978852306146,11.0399628885043,10.7869523952197,10.5733813473833,10.8720821894382,"CAV2"
"78",6.3071662017187,6.32373088900903,6.71413689861627,6.46612955463277,6.78154457127338,6.56012146359493,"TBC1D30"
"79",6.72293638406148,6.72485122292188,6.90745085861804,7.12549824819324,7.23707259205835,6.88211381124187,"PLAC8"
"80",9.85074240410427,10.1319306136335,10.3327841168902,10.2287120696687,10.4413232418755,10.2390209734109,"NAA16"
"81",9.60486040849997,9.63646729870733,9.47209166963696,9.68367889051544,9.87496885544589,9.35696955276958,"TMEM169"
"82",12.6981352792528,12.7187036536225,12.6959688259186,13.03074026465,12.8586972547529,13.2130848580402,"ERVW-25"
"83",14.5726595595708,14.2961010276783,14.3678696636511,14.5139406465805,14.1654957312564,14.2611989752268,"SNORD116-16"
"84",9.48064567798301,9.0130232601044,9.4867394973992,9.51324102649165,9.16709607629361,9.01613524194007,"ARG2"
"85",6.2114020251667,6.80015379073634,6.3052080511393,6.78263876433806,6.72056055262169,6.37554571573733,"TRT-CGT5-1"
"86",8.31446553369271,8.35182988849498,7.92714470833954,8.37158465668848,8.30869170509832,8.12562107656989,"SNU13"
"87",5.29228848992999,5.04870069911194,5.20109893870535,5.18990683387122,4.9563409554721,5.20853221612442,"C1RL-AS1"
"88",8.26359756491876,7.95420792070805,7.63813591561023,7.58156894388244,7.92861243241518,8.02124479909921,"C1QTNF3"
"89",10.5832309359351,10.6242747550564,10.3427210394889,10.3032245482207,10.3369581645592,10.7351575344268,"EIF4G1"
"90",7.8186817955193,7.39410717823569,7.79190886586975,7.81366378678039,7.7839760230596,7.78753982733405,"OR52E8"
"91",8.63987287826574,8.32335941363788,8.59806689781016,8.31851474747176,8.17284078210297,8.66822513745707,"MYOG"
"92",5.44197902610515,4.96083568188701,5.02162697757941,5.26898749614596,4.93893119767865,4.91040101508925,"OR52E4"
"93",9.1612691814427,9.39184157458698,9.65368036034396,9.28064602347196,9.3947679695347,9.61073875891911,"TRR-CCT1-1"
"94",5.95977331892087,6.2173460779384,6.00104521861109,6.16753644116302,5.8946852929474,6.17717746372292,"EMX1"
"95",13.6891648413598,13.7445885041147,13.7638593335384,13.7038932101644,14.0002681614051,13.6174246941808,"DNMT3L"
"96",7.50539110776034,7.55479940819502,7.68049143497412,7.59986592812682,7.35931239422588,7.88853488115754,"NOVA2"
"97",8.02514761703307,7.93333776515385,7.92827654657227,7.63355571639403,7.78964784277548,7.64818252447007,"CTHRC1"
"98",7.35502067367576,7.38138117767895,7.79580239270779,7.2680726889879,7.36051175622694,7.38360992342033,"GPER1"
"99",12.1186810030382,11.9562218151827,12.4392150732399,11.9827326968262,12.3379285400814,12.3158258569973,"SAMD4A"
"100",7.8005023942968,7.96042797271073,8.30952849048895,7.73916079572802,7.97601657071681,8.02659821753901,"USP1"
"101",7.30200542816877,7.48650183960627,7.19012600438806,7.04095390697817,7.05085441612492,7.12857256327848,"PCSK2"
"102",5.21509453933856,5.35994235010775,5.29740973523557,5.37312880668422,4.84460009348915,4.80934132329388,"MTSS1"
"103",6.88616788037792,7.0602488291875,7.23428116918511,4.90025876403747,4.77640939178865,4.03279572557264,"RNU6-781P"
"104",9.7035453039807,9.72511214333367,10.1720425903061,9.73769713706942,9.7225603033517,9.86232545062319,"NUP210"
"105",6.50693977835541,6.84816347835264,7.00153333892493,6.74278758776476,7.01580692359494,7.14590694882725,"TST"
"106",7.1556516991329,7.00949428029815,7.46776423010519,6.99215684093743,6.8347228125946,6.87324941668972,"GOLPH3"
"107",7.76891508350257,7.49822347225922,7.53632953599087,7.45315410085234,7.23873272297546,7.33765760873125,"SLC35G6"
"108",13.3252719203053,13.6782852429715,13.136231915231,13.3585956565554,13.1956140158075,13.545789342841,"HAVCR2"
"109",7.70418534479026,7.46851742454638,7.76320861911019,7.93295187717966,7.84045919445222,7.62811860061491,"MSANTD3"
"110",9.8931952945804,10.19673556579,10.0182350019565,10.5694262110919,10.1539107335324,9.90834671124241,"LYPLA2"
"111",11.1811122526053,10.8093675301186,10.6314899284249,10.9484477013686,11.086856862974,10.6183565788817,"SNHG1"
"112",11.7933657820321,11.8132348603854,11.8232824045304,11.7222601130487,11.3512853580136,11.4605727344907,"TTC37"
"113",8.87335096613674,8.31218007193145,8.62095464198473,8.95963964436892,8.85918967619715,8.3446915426097,"ADGRL4"
"114",6.22633766517613,6.43358441666061,6.46939193967708,5.91236314411845,5.96926324161479,6.35447890918673,"ERVFRD-2"
"115",6.42450552227505,6.50474137533213,6.96561651111808,6.60090453561639,6.69466154669682,6.38152788770956,"DEFB123"
"116",9.77842574924152,9.50584786350994,9.82986663803113,9.73375271245378,9.81977181893336,9.95028053596896,"DEPDC1B"
"117",5.95382365406879,5.85531850492245,5.88014215332396,5.49776984132536,5.61527998089741,5.76494815495109,"ERVW-21"
"118",14.6861037032597,15.0068588550967,14.9934355517208,15.061930894742,14.6697513925392,14.886270481864,"OR13C2"
"119",4.86393612154495,4.56264623994773,5.18325419914086,5.14220745519758,4.6194342983617,4.68649205815689,"LRIT3"
"120",8.34510170033925,8.33065970859846,8.96598610254891,8.50854406396166,8.86992597048225,8.69723402308838,"DEFB105A"
"121",5.82044372409929,6.04751861615571,6.19755327692362,6.36106447774926,5.78790625891199,6.04582798355509,"PCDHAC1"
"122",6.96733841923834,7.08231563591574,7.08191865887517,6.99709462455213,6.96317261325736,7.09033592482051,"PIRC111"
"123",5.50937529594308,5.24971078703408,5.2245749038436,4.85848102342845,4.90748359849424,4.46332605616955,"COPS7A"
"124",12.0272061311113,12.0537825553283,12.1722633352035,12.4962286355731,12.0161607460238,12.1272388814373,"TOP2A"
"125",8.0731818216458,8.42100081888609,7.95146513267074,7.81103710556488,8.45230867846887,7.86572035884476,"NGDN"
"126",10.3812315664008,10.7925409563141,10.4664451542888,10.4121717564267,10.356279715712,10.9499201706581,"MYL9"
"127",6.86371342396624,6.61894072703771,6.6093898227966,6.84651119845903,6.58473682729996,6.69842703552253,"NCKAP5L"
"128",8.06767849296078,7.88470782080777,8.37676979148882,7.93237854105781,8.25740835334191,7.95929621875898,"RAB17"
"129",5.78179905693097,6.07142711260836,6.00246630427453,2.92325791245079,3.09062732943233,2.42410892714743,"MLF2"
"130",8.90363234408794,9.03455957362911,8.58923582594758,8.92520263140733,8.83659715051837,8.8172728357029,"RBMY1C"
"131",15.293104452778,15.3575088125768,15.2907425590327,15.3545333095495,14.8603910257536,14.9133834084506,"FALEC"
"132",6.6871983410609,6.67818787305237,6.39058742986228,6.57558229241534,6.70675825022246,6.24423274264073,"PRR33"
"133",13.2621501241994,13.3389665531595,13.0298272627228,12.8333143862735,12.8245241510187,12.9201352493104,"DTD1"
"134",7.58124449614631,7.80217997970868,7.29008397424477,7.41213366795574,7.2696597016201,7.56417480871928,"ZNF788"
"135",9.02765054469348,8.76353027398858,9.08467876952256,9.11899816841737,8.9350408009135,8.73986861531971,"HOXC9"
"136",10.1853673979538,10.2091921949608,10.108073605855,10.0702778970885,10.3818939364793,9.99499779752427,"RBP2"
"137",7.03316294710251,6.4818985414563,6.79280334564377,6.49259061975797,6.72001635544919,6.4398555234737,"SNORD62A"
"138",6.93466561880371,7.15421994749074,6.60985396639925,6.72221689754521,7.14578412083771,6.83403505956821,"VIMP"
"139",8.29722605191975,7.85973787629035,8.18690727561371,7.82116170905223,7.96397388862184,8.26800169321871,"HBM"
"140",10.9236838496017,11.3484941965174,11.0818146410323,10.9236970633996,10.9791924577167,10.6779813879545,"KCNQ3"
"141",5.06864406877383,5.07779084193401,5.07348343193849,5.2881531104747,5.01082888813308,4.69215971926321,"OFCC1"
"142",12.6643873203307,12.3951336582816,12.8869542434342,12.4116614525049,12.8533277737916,12.370890644569,"ANGPTL7"
"143",10.1910830295586,10.137981771033,10.4825726414579,10.23921756484,10.5560510605929,10.2163675770791,"UCKL1-AS1"
"144",7.29770272766882,7.60611483860033,7.5766560468697,7.76723037504748,7.38112227908865,7.65376182432434,"ARRDC5"
"145",6.86733195723178,6.7114961467245,6.81029378079317,7.22706142316655,6.74516395361978,7.10672776053399,"DAXX"
"146",5.8185612663994,6.25820742661236,6.15594788723088,6.39154661502,5.69062037278494,6.04080164599844,"DOCK4-AS1"
"147",7.48323192586401,7.49879747325526,7.28387937517317,5.35753934046991,5.34878675672644,5.59703489876647,"PTMS"
"148",10.1295692885568,10.3964085861519,10.1001746679885,9.92244443247756,10.1359317404767,9.90508692407005,"LIMK2"
"149",6.90758133640304,7.301730364028,6.96805611383676,7.43793588871227,6.93104869139185,7.59012224197097,"ACRV1"
"150",10.5973295114194,10.6678153366873,10.6524893780035,10.5041634772825,10.4195055824735,10.5196742889043,"POLR3B"
"151",7.24154995619996,7.45775080300364,7.23466951778618,7.413424108899,7.5685121871233,7.5537465188137,"SNORA59B"
"152",7.52009746053864,7.2690772721604,7.57483967271337,6.98803624411563,7.47583739201984,7.50376362053213,"PLA2R1"
"153",8.22165821046579,8.04899400921001,8.25404396381917,7.90272644514352,7.69305229362171,7.63130024806134,"IGHD3OR15-3A"
"154",7.33974434684035,7.61369926821375,7.28575179464822,7.38755609373958,7.26174530651986,7.16161899418046,"MRGPRX3"
"155",4.07970300222612,4.50236485452641,4.40287483758245,4.25459847200415,4.44486469666936,4.05624283462739,"E2F4"
"156",9.25047848327907,9.77003503435837,9.09041204252668,9.12041935625663,9.3423189881455,9.7221227953719,"TOLLIP-AS1"
"157",10.525995622591,10.2654799095282,10.1891217270138,10.4266593334787,10.4948117283528,10.3849054634924,"INSL4"
"158",7.66872050563976,7.6334281337998,7.22322010432865,7.63039512870415,7.60245835279988,7.5704363890832,"LARP1"
"159",7.89692292924729,8.24011344969717,8.03872260209905,8.34733322862469,8.41195401259427,7.85979926406239,"TOMM34"
"160",6.93820940605634,7.18989299064677,6.97482288900864,5.0646525670497,5.89204545489785,5.53018022247809,"LAG3"
"161",14.6188365071715,14.3192818572196,14.3244662408328,14.6027434491073,14.3467460663976,14.6070347173855,"PRPSAP2"
"162",4.57482757222454,4.69741152562274,5.00738138968941,4.65010077205645,4.75236201337858,4.67170273474503,"FBXW11"
"163",4.77821905170533,5.01112461756185,4.76607967984713,5.07981742915018,4.52568095823733,4.79760376191619,"AKNA"
"164",10.2747409600577,10.3236377185011,10.2959490519506,10.5221988917044,9.94622467760595,9.93114840427738,"NUTM2A-AS1"
"165",5.53832691587053,5.49872474471055,5.09990078311443,5.32613619843399,5.07346690652101,5.18509188457632,"RAB10"
"166",7.23017948360328,7.31444896737199,7.52365494728326,7.63300590256149,7.28076738902649,7.54702849325615,"LRRC69"
"167",7.38076353182368,7.80752674530706,7.21008553100841,7.88166789508162,7.28636328386061,7.2292115014834,"ASTL"
"168",6.83922493974209,6.66502318251733,6.69717597750808,4.35223973162198,3.96709408607392,3.37843339291008,"RN7SL380P"
"169",5.07272760414986,5.02130101628982,5.08636438670267,5.36688104849426,5.69342211913589,5.24925540794871,"PSMB2"
"170",13.7139394960746,13.6778832958482,13.4879567952902,13.6255999346998,13.6832253030981,13.2667088917079,"DYT21"
"171",11.8638471143757,12.3764540456872,12.3497770789612,12.1342924243209,12.2997666524122,12.3672361987876,"TRIB3"
"172",12.5804536734817,12.8073825730845,12.5938865000445,11.377702001283,11.8643425753594,12.6733760657464,"CD4"
"173",9.60285451818845,9.48180884546376,9.72623440566231,9.68110719555955,9.47933233349558,9.65290385675708,"FAF2"
"174",5.49340764344864,5.54734930152255,5.85163861169683,5.39572260543662,6.0327554315713,5.39728354090761,"SIPA1"
"175",10.7736163036575,10.6584829537126,11.0023155419596,10.4419101690424,10.8773312359693,10.6544810840674,"TAL2"
"176",5.92260651620065,6.15521055979193,6.31596550791412,6.12612776285697,6.30794336366558,6.20122888778477,"OR2H1"
"177",9.11896795969222,9.55342941981568,9.74765775546687,9.10949458667184,9.21820941808815,9.2462430554971,"PAPD4"
"178",8.59902605168259,8.78242114586765,9.23009141648112,9.2313646312937,8.9363146168437,8.61581332228728,"SMIM18"
"179",8.17343073713173,8.09827192879606,8.32094127394075,6.74045502903385,7.59131901999329,6.87687269755369,"GPR162"
"180",6.08653592048884,6.11917970897099,6.26615658253457,6.21024825921682,6.17299571098965,5.84363032578597,"ATP4A"
"181",7.63324421154768,7.20080653688451,7.50240813000206,7.14943933498469,7.17920233074274,7.24225785808961,"NUDT21"
"182",4.55302579081528,5.17922688942607,4.57257378982813,4.78955850482421,4.9010260256624,4.69497412979928,"EVC"
"183",10.6463779549475,10.4660041835386,10.0817708726126,10.5206658351281,10.2962928771577,10.6596033539253,"PCDHGB3"
"184",7.82791690751587,7.89421805252207,8.25342393437326,8.03314706300151,8.11102109149543,8.49012777723653,"RSPH14"
"185",10.4080199781725,10.621358437808,10.6944593117891,10.6272163360105,10.4784285237942,10.8699233950275,"SPSB3"
"186",11.2022920579593,11.4506739529296,11.3471398821133,11.3231119699973,11.298882383763,11.2638178597149,"MIP"
"187",12.0685609574249,11.9612446150486,11.9101894298246,11.7702640773234,11.4940639978296,11.7207732421472,"KCNJ2"
"188",8.9132163452758,8.92962404715807,8.53304464228629,8.91245119728748,8.46366455714806,8.637411357017,"PLXNB1"
"189",11.35753389787,10.9971613030186,11.1147123803743,11.5002979164087,11.414741378328,10.8521491081894,"CLIC1"
"190",8.07219024076771,8.01728926887024,7.91837598372959,8.15587101214656,8.15172496486485,7.84980662612649,"TTTY4"
"191",6.29192390923387,5.99725910247328,6.42656754781248,6.61382747896699,6.5273553177926,6.64898882406926,"PLCD1"
"192",5.83416810701776,5.85645047686972,5.97620414936734,6.14675705679843,6.03917401388384,6.1065665203048,"OSGEPL1"
"193",7.44021773172473,7.51007446916718,7.17442383891625,7.45476902491693,6.99003389710546,7.50247513281498,"ZNF507"
"194",11.1021780349023,11.4482469295383,11.4613816640813,11.1646183610985,11.3012917910547,11.541548811511,"HLA-DQB1-AS1"
"195",9.445755313486,9.31649527636947,9.51724144768369,8.46105506876705,7.26551181985539,7.07562430386876,"P3H3"
"196",9.39392415368326,9.96175920731436,9.87126423878231,9.38580520301916,9.20269957938267,8.63798447076313,"GNB3"
"197",5.55442163192109,5.44661254536248,5.14263751143598,5.42109460185869,5.50814397394689,5.37912581225244,"NSUN6"
"198",8.11753707053774,8.42888346367726,8.06222083089319,8.61196319624925,8.53379388873139,8.61404851337908,"DNAJB5"
"199",8.98680113804537,8.9724906481514,9.50605693648797,9.37267569994878,9.19973792353426,9.34385406535169,"OPA6"
"200",11.896714403279,11.4738381389664,11.5970895439666,11.9655260318501,11.9404555057648,11.6314020355005,"ADRA1B"
"201",5.9489279007754,5.83232769663782,5.62771104071552,5.72922610727608,5.67381817348257,5.49833154843259,"LINC00940"
"202",7.79650416819097,8.01264564435431,7.76125294802788,7.90308381261385,7.88382226048732,8.08402952962008,"KCTD8"
"203",5.12857538577451,4.96175886248072,5.08632257642202,4.56551789840251,3.51769772322193,4.02821779973572,"CDCA3"
"204",9.03733550482813,8.91287730858054,9.16509702212032,8.80952071409909,9.10053157203845,8.72819038348158,"TRK-CTT2-4"
"205",13.8532982957385,13.4104431974028,13.8647943173958,13.8103855135965,13.8918923747709,13.3883957595597,"TP53TG3F"
"206",7.87377343300441,7.64000825809825,7.75228944933267,5.60104978732186,5.37624163703102,6.52584701290184,"USP5"
"207",8.76501654517419,8.65326929560714,8.44912967713356,8.61995687134628,8.38840485693271,8.2177451259771,"APOBR"
"208",9.33060928628824,9.67375505212831,9.21596659708953,9.62278616797096,9.17059076043573,9.51489832328856,"KCTD19"
"209",10.5164317088322,10.4611737882519,10.2150409453438,10.5593565137453,10.2711123538349,10.6375432724444,"LRRIQ3"
"210",14.2319972562708,14.5225479854929,14.4520099502926,14.0595599495084,12.3914525388124,13.7649099111519,"TPI1"
"211",4.84353576396378,4.94617780329992,5.30478024639433,5.16716110323148,5.21190692754315,5.11893013041662,"SYS1"
"212",10.3069965583682,10.6555346809931,10.3031974938433,10.6829221887349,10.5180266843682,10.501411856241,"LYZL4"
"213",10.3021320365021,10.4698647885324,10.881272233227,10.6647460251395,10.7944021746829,10.6106525839849,"RRBP1"
"214",10.4289033365367,10.6103412718799,10.7116661409813,10.8306688125041,10.8706809332643,10.8231910207434,"ZNF419"
"215",5.58695879193862,5.77177364353386,5.77606504563495,4.26834209790753,3.62916051375624,3.73411584073265,"SPSB2"
"216",8.17477756498631,7.6696681432364,7.93330039809894,6.08391203312938,6.11034443623024,5.50964752176443,"LOC105369632"
"217",9.97325677528996,9.89732957438864,10.5505899394696,10.1876581948599,10.5745803375998,10.2055049946339,"KRBOX1-AS1"
"218",8.25095484276665,8.18645245424566,8.27254178468698,8.34266011468539,8.64150733446824,8.78641376583778,"SNORA70E"
"219",6.08281379142748,6.62752833393843,6.73461621418997,6.76550289211171,6.19294029389892,6.20783766676006,"SCZD7"
"220",8.02481673788072,8.19368284221117,7.62032409477483,7.78641589610161,8.0300536664478,7.79849366541836,"CYP51A1"
"221",7.46939357486481,7.1029317612396,7.48889831882157,7.00941756115264,7.09976088777635,7.34406253086689,"MRFAP1L1"
"222",14.9712725347863,15.2175333794116,15.1617282099075,15.0401684758149,14.9172621376806,15.1825681374518,"WDR62"
"223",7.5402492204275,7.11213920298571,7.07195299761121,7.17022440117541,6.96808100095314,6.86192783612253,"MRPS18B"
"224",13.4468405279184,13.7286156918761,13.505872434909,13.5939644803273,13.9662287513634,13.5074466832665,"TAF10"
"225",6.91553547410159,6.99787523568631,7.23737339264615,6.72700571941809,7.26551707454381,6.56633593450918,"TRGV11"
"226",7.71014862531502,7.95833752489883,8.09179038296569,7.73406603258374,8.17376350757058,7.86137433746969,"ADGRL1"
"227",9.45270159768524,9.80570149745933,9.63397248314925,9.50875068409513,9.44536302778508,9.97959052719068,"POU5F2"
"228",5.99014105782018,6.1905550315649,6.28129092524255,6.13504115736698,6.53465717993239,6.2904799593972,"KRTAP10-6"
"229",7.55360116441829,7.87110662245624,8.03972733412114,7.77513476890172,7.76153772705909,7.47952400618061,"LTA"
"230",14.9351395835495,15.07670692648,15.2819840896498,15.298976239756,15.1478954482719,15.0335161524455,"OR5AK2"
"231",11.6277611431222,11.2340203745673,11.4253160311184,11.1613918569804,11.4891999123372,11.4680523261927,"NRBP2"
"232",9.44989836534176,9.35650663481503,9.5803897425814,9.59711781336687,9.93179682968247,9.64382379337809,"ZBTB34"
"233",13.2813484917515,12.9836268418848,12.9970427862711,13.1971540088972,13.2759209690935,13.1530909218312,"FAM83G"
"234",7.48028064339214,7.17283417039656,7.17565110027611,5.91729790386447,5.69226979365781,5.88397475966923,"RPL13P5"
"235",6.22493760915163,6.29546237971867,6.45928824426749,6.80165689282102,6.62828050633615,6.18383002721554,"PIRC51"
"236",10.5568367105073,11.0142515601735,10.8819525825014,10.9627410505051,11.0757833501438,10.8461269664179,"GP1BB"
"237",11.5963486652348,11.5182771078929,11.6850831891374,11.8054954910543,11.7009909284217,11.568623989878,"BPY2"
"238",9.83744852743098,9.79361545546731,9.85005156047905,10.1452638382319,10.003261169621,10.2003974059157,"TRV-AAC3-1"
"239",6.35384448025143,6.68852253142516,6.17212274948843,6.69958189593447,6.57063784095344,6.6993267092314,"LGALS3BP"
"240",11.4473536018557,11.3747064049114,11.2251254974659,11.238692754444,11.2360245232781,11.6510704105988,"PADI4"
"241",7.61870014540215,7.92244682761498,7.60946556862566,7.70088267151556,7.65790510894631,7.80278595697595,"MIER1"
"242",6.23370754756323,6.79306582290241,6.67398892515268,4.90973339702941,5.49230944754084,5.6753237532355,"DSTNP2"
"243",13.6011814485017,13.3837071932704,13.6345381511539,13.4771787432053,13.5782444812375,13.813252543677,"ADGRV1"
"244",11.9511723328038,11.539142678096,11.6032185391056,11.7980036020572,11.3549433187722,11.4478400341959,"RPH3A"
"245",5.23455202468405,5.51653403890628,5.26920372755353,5.50722454633611,5.80980978958728,5.31424755674682,"FRA10C"
"246",9.4552648687894,9.28602446465833,9.24018921213033,9.54463151369554,9.35049260342778,9.23227640157502,"MLC1"
"247",13.0623111259724,13.0852374350644,13.0764531995572,12.4993563844079,13.0012609683794,12.989091225184,"B3GALT6"
"248",10.8391644973694,10.9719685861004,10.886113419365,10.671253608072,10.9182476011331,10.6876133164329,"TRAV5"
"249",5.52065097073043,6.20345792437571,5.50348004978175,5.71978682609829,5.74226325140608,5.59682298849512,"CFAP44-AS1"
"250",5.16595501557045,5.592879439965,5.51782221198571,5.30619776840515,5.46141464988115,5.66201503851241,"NUDT18"
"251",9.32294284530771,9.56459775507975,9.45749064192434,8.85848872968104,9.16698174010759,7.56270828439133,"LRRC23"
"252",10.633866503036,11.1877889257439,10.7332516336391,10.8552471510359,10.8377087836513,11.0434253101928,"MICALCL"
"253",10.6448565888083,11.1304791876391,10.9752045695029,11.094690998086,10.9165331617557,10.9490771072448,"HMBOX1"
"254",10.8432864140656,10.6434684145268,10.617419886716,10.6767414622232,10.7745741979627,10.8517456928426,"ACTN1-AS1"
"255",7.67417552148884,8.16147073615355,7.65853111714213,7.98679669959591,8.1107757024856,7.95642241206769,"DAB2"
"256",4.89176834195324,4.63593679788888,4.84897810614189,4.56897581506669,4.43102783686403,4.79000762856793,"PKDREJ"
"257",12.9962540076981,13.036749530223,13.2355853078448,11.5471698132866,12.1321282490612,11.7312591643218,"ENO2"
"258",8.22576781105825,8.66265453203874,8.51924771832223,8.65062042204733,8.69660031522497,8.83923611811306,"TMPRSS11A"
"259",6.50437686076048,6.50190008209146,7.00423998388592,6.51014269010795,6.65195223047662,6.4876196294241,"UGT1A4"
"260",8.9788812867898,9.00616012927654,8.96800859991107,9.33781227960148,9.10456326881572,9.22724293947218,"PIRC71"
"261",5.68250829988905,5.56679954300763,5.49479949409484,5.22838706195587,5.18496721409393,5.04809791144841,"B4GALNT4"
"262",5.56404757013013,5.41383270441016,5.32428618927219,4.91870421172929,3.77460291261143,3.57894522848704,"ATN1"
"263",10.6347794364545,10.9408495538764,10.4822635200616,10.3647620974203,10.609313401823,10.7626184704253,"SCNN1G"
"264",8.26260163914023,7.7668007146446,8.16811305324106,8.11376158170641,8.34657196454843,8.35535584994801,"ENTPD6"
"265",12.4887652431257,12.4425692881153,12.8255857066316,12.3391901226053,12.9099812170047,12.9177360040211,"SNORD115-43"
"266",9.91567964808217,10.3660882890502,10.1617701772751,10.0236044767155,10.0096218994856,10.550610321255,"IGHV1OR15-1"
"267",6.17697397789328,6.31895217471364,6.31411143501308,5.83251001592842,5.81340459628262,6.38692799466189,"PHC2"
"268",7.73825164589694,7.92220216626351,7.40332937525687,7.61381805884419,7.93744211136922,7.92271012979,"OR2L2"
"269",4.34156848793221,4.7527279921143,4.22432895601376,4.47648575467434,4.13510764955335,4.73704061153596,"WFS1"
"270",9.6247175149152,9.94790845197492,9.43343026004012,9.5795077674312,9.87576732359136,9.95032659715538,"KANSL3"
"271",8.56413406968114,8.58537249197671,8.51492592306719,8.05516630383016,7.9041479551089,8.07661905081677,"GLTSCR1"
"272",12.7092050329057,12.584655306435,12.7939132699673,12.3948990621659,12.4625909523981,12.6406489727207,"RNF207"
"273",6.9207974082683,6.67602590567634,7.04258772588112,7.1003321290452,6.90929051405952,6.74345244352559,"TRK-TTT6-1"
"274",5.47122633358268,5.3101450677091,5.01096005951238,5.18934511334531,5.04197825330032,5.56423468291174,"ZNF316"
"275",7.55661326071054,7.37081722114765,7.40427602923991,7.22185321503457,6.29884397350817,5.70970446110488,"C12orf57"
"276",9.23385293126417,8.90592046902921,8.97104747366359,9.01525476167738,9.19752680785314,9.45514968265049,"EPGN"
"277",7.76826752099035,7.28869644460147,7.67658913968882,7.42945390273028,7.18873509563669,7.23882041167378,"EIF4ENIF1"
"278",8.40717389684447,8.37361501296294,8.36126216025796,8.76754701289477,8.69579444242506,8.20829856829138,"PSMD14"
"279",6.89192211662067,7.22570072456588,7.10824492555338,5.63273063541976,5.62010755184863,5.2181619361459,"RNU7-1"
"280",5.88598005439954,5.88395120628854,5.24924780273266,5.64482040338939,5.87866924958064,5.72171935700304,"PTCSC1"
"281",6.49936659513991,6.48661905036026,6.50246049075844,6.29782794342848,6.67543659291579,6.77649928470251,"DFNA54"
"282",10.7621783799831,10.481278836751,10.3446678744674,10.5826155526488,10.3573368024118,10.6413122305871,"SH3BP5"
"283",6.47067512244278,6.50031008954888,6.80770823269406,6.89382718004502,6.3139339400007,6.7502995628997,"SLC52A2"
"284",12.6421282187242,12.3202099948869,12.1552263824499,12.4616262505085,12.0926550305115,12.408113441771,"ERVK-23"
"285",9.06432030310266,9.1966651645028,9.58700621854044,9.68620796375676,9.11353082065903,9.1112064677266,"DUSP4"
"286",8.29808148718369,8.41246114934471,8.03845838979694,6.46197183691257,8.71280263024641,6.79389718439419,"C12orf57"
"287",5.45621426197393,5.44170591306147,5.56178043070789,5.31490473040753,5.55997641249532,5.51821878914193,"FAM83C-AS1"
"288",9.18246121527994,8.82634879756159,8.92778676868163,8.67137975071657,8.93091981382239,8.72175694899566,"RTN4RL2"
"289",9.11332583211365,8.97771307305109,9.34070349380112,9.27761264131646,9.3787734114958,9.25919856979759,"PHF23"
"290",6.87869740283929,7.06177412935266,6.52627087672792,7.03487311473082,6.95988041266852,6.61123199870718,"TXNRD3"
"291",5.38337074146784,5.53352397083977,5.38467967718503,5.6881272120031,5.4990306467805,5.30419502380132,"SNORA87"
"292",5.95353106462657,6.3832789049037,6.37855173255264,6.10310283735884,6.35370141326978,6.36513400034407,"GPR162"
"293",8.31802962319133,8.44420318966534,8.55150936101203,8.66578009527596,8.65732062116057,8.93960078064232,"ETV3L"
"294",7.62903872672715,6.93819706318009,7.57461047977866,7.15544940536587,7.54585830151083,7.54675062435762,"FOXI1"
"295",11.5557015704463,11.5324738833052,11.5536144592386,11.6077644325821,11.6697509748079,11.8307385860487,"LINC00936"
"296",8.69062693777934,8.40102865840642,8.68077892761618,8.59580042488337,8.33104440249836,8.70948903293627,"ARHGAP23"
"297",8.23918961841262,8.23734591959141,8.31904408277687,7.98437573876575,7.88391561500114,7.82153928490103,"L3MBTL4-AS1"
"298",10.0485878458623,10.2153331837481,10.5121411709594,8.58776115351292,8.85614923844154,8.7219968896431,"PTPN6"
"299",11.5161273564477,11.9249634990316,11.7864446851697,11.4034901829683,11.7134556250999,11.7526421965882,"PRSS50"
"300",8.49343008889997,8.21976556431676,8.38325286901302,8.61156256539643,8.54898357319981,8.73559152904132,"LAG3"
"301",8.27517902182528,8.57723368935266,8.428138338514,8.73707503539545,8.34548622630434,8.33821470173551,"SNAR-A10"
"302",11.1160084933768,10.949289857739,11.0524700927961,10.8227897913883,11.0001974328881,11.0504880253214,"ZNF513"
"303",12.9589086988306,12.905545319817,12.6831637152429,13.0820988862511,12.9129213039052,12.8711098448214,"CTR9"
"304",13.5679290567018,13.6298376951458,13.2165519042534,11.5188985755545,12.0991170720775,12.6391737034654,"LOC105369634"
"305",4.84134659326518,4.66104985594844,4.69195387631925,4.63371782073684,4.78621317126996,4.67198748378015,"TTC26"
"306",9.88629457231782,9.23170743427343,9.84190764813141,9.56324523508351,9.64658919186934,9.59296774946134,"SMCR6"
"307",7.43646974093362,7.42147437992922,7.54610978683528,7.52809878355196,7.48291080890811,7.94740639972123,"CNOT1"
"308",6.93182515510693,6.87582924266993,6.86777516839241,7.03692498063951,7.42206718925575,7.31800703890483,"SLFNL1"
"309",9.17494363904859,9.33467275724872,9.72839764721806,9.81434434600488,9.78477888561956,9.4859850138098,"NKPD1"
"310",6.6927158191827,6.35326291692338,6.90016275722519,6.36357897543679,6.2777567031063,6.46942861719189,"CALR"
"311",11.5645343383272,12.0741913797464,12.0703033361855,12.1270836719583,11.6938542992519,11.831494925816,"CCDC43"
"312",12.5690606472552,12.8426297853918,12.8558732439663,12.5744400366786,12.6260323393319,12.7120425506988,"CD74"
"313",12.6278698483072,12.5148527188178,12.2324405130767,12.4389446448859,12.5479888598328,12.4578951552693,"MUC7"
"314",8.2351182978977,8.03147220274581,7.83661263237578,8.27231299687597,7.72533746092538,8.21181758423287,"OR4A47"
"315",10.164286781284,10.1501100695272,10.1743958853186,9.98793167910141,10.4819134157516,10.2366282092858,"ARIH1"
"316",8.57309187145719,8.15325876283587,8.33220821894468,8.22307294937066,8.00990185982646,8.07581762396625,"WBP1L"
"317",5.95921014184779,6.42781756600804,5.98144155183385,3.02880169868383,4.06180471206217,3.87794574631263,"MIR200CHG"
"318",11.7522131954193,11.3804111447335,11.8297777109516,11.6689382112436,11.6943689091267,11.6219033091383,"HOXB9"
"319",5.02896353272171,5.25994696162898,5.15381091566414,5.16942387126401,5.04971232318701,4.94368011422865,"C1QBP"
"320",11.0314946340853,10.7634850246639,11.2563306127128,10.8892844074538,11.1241936084368,10.9075963275723,"VTCN1"
"321",5.84250700055407,5.36882576359559,5.3793123909582,5.53515210857912,5.56491678436274,5.81455985984393,"JOSD1"
"322",6.47052638252974,6.34234143449207,6.52168623332226,6.35297737925206,6.2631879087754,6.40318408453579,"SNED1"
"323",5.21440025298683,4.90732810801628,4.81526138633359,5.31292434227128,5.40364775379523,5.2438496586276,"TMEM74"
"324",9.33863117848451,9.15707756817465,9.40641631183874,9.65524279983636,9.49400794489072,9.36354783263136,"TMEM26-AS1"
"325",4.98799398540172,4.84157412076236,5.02268660798838,5.14971278018145,4.76479929455458,4.62799830877374,"SRC"
"326",7.00847186578522,6.76578563805713,7.0972014364006,7.11335404561,6.70152011292866,6.74197335600965,"ELANE"
"327",4.90442217056114,4.77217016295698,5.29393314220832,5.26030537942514,5.04581948754765,5.22783405562366,"HOMER2"
"328",11.9102099343944,11.808049244047,11.9142076250666,11.7570502077961,11.9143576282471,11.425875067007,"NCBP3"
"329",5.76130122923972,5.82234634651638,5.4470860002539,5.66630296145192,5.68208616788872,5.34495551043351,"MCM10"
"330",11.4153483166239,11.8532725641393,11.3198046860762,11.6161205309791,11.5177584947443,11.4404513090679,"C3orf52"
"331",11.3607816771513,11.1108128458709,11.5097560328477,11.4459391556268,11.1037375286581,11.4883399837159,"UGT1A7"
"332",7.64706464896197,7.72811953327244,7.98432750734149,7.51546747659042,7.97249879167008,8.01462174245711,"TSPAN9"
"333",7.92011190439797,8.3054859324639,8.46230819274062,8.18081101234797,7.90311997011026,8.03108341723291,"ACP1"
"334",11.6900935206948,11.1766358159514,11.1057293657124,10.2650063646992,10.1047062982596,10.4161699364465,"MIR200C"
"335",8.62321329127181,8.53996707722805,8.65241724402845,7.99000304878186,7.20464769353063,7.66110005163342,"MIR141"
"336",10.7451632980127,10.7615067669236,10.6555254818902,10.9623890584191,10.5760906621579,10.4231127346948,"CSNK2A2"
"337",9.79447469671449,9.73314199044243,9.5132429039223,9.53484607040608,9.65095340340978,9.68776947680936,"GALNT16"
"338",4.83324813353166,4.74513772106867,4.87803171785433,4.62532474703115,4.66547920193656,4.61856047570784,"MYEF2"
"339",10.105363599704,10.2849381736501,10.0611357043992,10.4374100975871,10.0199059382076,9.96175009244703,"SEMA3A"
"340",7.83501627251059,7.71369666236807,8.0662073846372,7.95254911830586,8.28274584334014,8.27575012391854,"PSORS8"
"341",8.90136099459577,9.10872213117447,8.79792907784489,9.13861777646567,9.05063648445761,8.71271218332286,"SMN1"
"342",9.01520898940528,9.14262677769531,9.20186643681037,8.5010573572845,7.41506350665404,7.69283913314226,"PHB2"
"343",11.0711499218964,10.7918969407289,11.174468448575,10.8442834687568,11.1457689654414,11.1735989655358,"PTPRZ1"
"344",15.1991492058817,15.4196182136022,15.188805726475,15.1057511358145,15.3101414299963,15.3153322704287,"SF3A1"
"345",7.47404499328132,8.17162161681225,8.10451896516691,7.51545823953207,7.81542150250364,7.99000640134228,"UBOX5-AS1"
"346",5.83575302800068,6.09209262809014,6.03481940608578,6.36494718726913,6.35552907469614,5.78292647773166,"LRRN3"
"347",6.36708324371835,6.31471733506299,6.46199530435336,6.92542964385875,6.29605091108569,6.66184623566442,"LYRM5"
"348",7.06550497009125,7.17744600258247,7.19043640081122,7.08949807490531,6.71896879290708,6.61693573485949,"BTD"
"349",6.44264925127438,6.53721116059913,6.42249521727059,6.88562638038094,6.4808990685957,6.40568173358562,"MEG9"
"350",9.79622971667013,9.50209501917576,9.61393552403988,9.61185788085592,9.3712308919795,9.55020406830531,"FAM181A-AS1"
"351",11.3862415083144,11.1467734574591,11.2028035211293,11.6862734790851,11.3715731314313,11.575433483615,"OR8U9"
"352",4.61993890500457,4.5018229302312,4.3496444073667,4.26052213425769,4.29999554523899,4.32371327067207,"PPM1G"
"353",10.4458985332411,10.7307868426698,10.5561464157792,10.6710198902923,10.4231234019087,10.4156057558752,"SNORD17"
"354",12.1608692138373,12.2749462278979,12.6092214486394,12.3050929469199,12.481984239706,12.2167944316727,"PAFAH1B1"
"355",4.51534927593942,4.38500348663367,4.6318961577894,4.72801684350864,4.63850728958943,4.59171603804397,"ATF7IP"
"356",5.85991668418983,5.94447297960762,5.92199701503552,5.98489582805022,5.87468554981202,6.43168770966851,"TSNAXIP1"
"357",8.11141163446832,8.0871789237729,8.15426245338499,8.70707053957179,8.22714666883257,8.48928972290201,"ABCD2"
"358",9.35939561165781,9.2338224718025,8.86500489195719,8.96257482979116,8.7537335078013,8.98125915347881,"NPIPA5"
"359",9.68500159114128,9.4636707019688,9.94695541377181,9.55522656088285,9.55442435898391,9.78979541534349,"ACTR1A"
"360",10.5067000914412,10.4415881071053,10.4523237511308,10.5036899751307,10.6663092788452,10.4829404576636,"SLC4A7"
"361",8.39324486722969,8.02229284309383,8.22017200583412,8.23506506755415,8.38255370657414,8.24028841150797,"ANXA9"
"362",6.78220042736895,6.71370687962636,6.47965379419781,7.01455774549872,6.62821213652744,6.36646259743535,"TMEM132E"
"363",4.63328186740956,4.22441588178526,4.55549995468454,4.20218615737458,4.34738119947925,4.41434229174279,"STUB1"
"364",11.0898571437057,10.6373432141276,10.4958538434639,10.8419704002104,10.9824600692619,10.7796900248231,"MST1L"
"365",7.63347742452114,7.22413275147684,7.22371903787435,5.17274474221672,5.6296268821997,5.80660747559673,"SCARNA12"
"366",10.7573152012867,10.9566486196617,10.8525734122126,11.1219422146455,10.9332242590766,10.6991980852286,"PPP1R14B"
"367",9.92904639483925,9.94773790664484,10.3125069420284,10.2939560469496,10.1003600203455,10.0713989582689,"DNAH8"
"368",9.48273757216175,9.39141052107036,8.83982880580853,8.92080642048125,9.48999144855676,9.43949359074476,"VWC2L-IT1"
"369",7.75270686124915,7.46999420911855,7.81404546335225,7.21143940999318,7.41390872063001,7.50199460069822,"KLRC4-KLRK1"
"370",5.54872020774913,5.22387977962974,5.30952952722884,5.12944277735512,5.32823909282663,5.14896250545749,"ZFAND5"
"371",8.31418379400499,7.86856641340214,7.98100691980888,7.96967021405165,7.68374645309594,8.29079391255035,"LHFPL4"
"372",9.8026455186803,10.0523720291061,9.86368442623931,10.3137963052531,10.1079001247086,10.4141022205738,"FAM126A"
"373",7.5515587282511,7.43094823562775,7.53438613310679,7.44926633198905,7.3145290029595,7.19529578581659,"TMEM30C"
"374",4.81562842608761,4.73319967482801,5.01739547056775,4.90559690842658,4.94682723191658,5.18166456075554,"PYY"
"375",7.37179183126467,7.90647546300632,7.76913605849726,7.90184530752338,7.88521897517025,7.26708270564748,"OLFM1"
"376",15.1373328134791,15.036684909157,15.2631056553096,13.547786282625,14.1357069203966,14.1541113392345,"EMG1"
"377",12.0296573761919,12.4440090893136,12.1193912530617,12.4294598992643,12.4079563245616,12.1152055706227,"CERS6"
"378",7.62513465631448,8.02794827457324,7.6864882964993,8.10447506796823,7.77110212279088,7.41893895338235,"LYPD8"
"379",7.77170342273172,7.50556239725994,7.66365010999366,7.69800542879584,7.8636121730522,7.85065889659201,"PITHD1"
"380",8.51830641307099,8.28566514442322,8.4007719136635,8.32333907703842,8.5393860629646,8.2172302019867,"PKD1L1"
"381",12.7779072903238,12.7285993831066,12.9551221991732,13.1000718305686,12.7380633110777,13.0876095574365,"ZNF562"
"382",11.6882681116207,11.2394834335973,11.5374410747743,11.32869269433,11.2250347470621,11.6233720841229,"PPP2R3B"
"383",8.67630040166118,8.54665381731107,8.39660795389032,8.73559645430369,8.52303799187884,8.70997276958592,"SIX3-AS1"
"384",4.53713650017585,4.40450105081411,4.29556053833231,4.214757277118,4.64519696666059,4.19790403859621,"OR13C4"
"385",9.04090896728704,9.05174785512436,9.11251320873971,9.10265108047372,8.84067995136204,8.93170125800878,"SRD5A3-AS1"
"386",4.07555072483488,4.44463061430494,4.31344200245957,2.91595559370042,4.25651409349078,3.33317778764876,"LPCAT3"
"387",4.97646265058478,4.54159106777463,4.9831755725028,4.76918256402543,4.72752258481266,4.35523288927253,"MEX3C"
"388",5.30443800078387,5.60287592418058,5.34018181710792,4.87389856717436,3.75410479436467,4.78849631865401,"RPL37P20"
"389",10.3928152967913,10.4381171867786,10.2219323632316,10.4966128976777,10.4326604381294,10.7432677804334,"PRR20A"
"390",10.8899081421952,10.7433085865098,10.6313315588299,10.3602702784081,10.9007480297573,10.6191460541267,"C1orf115"
"391",10.5217553136817,10.5968664905326,10.9353164923204,10.8306046184373,10.8971266080931,10.6658532804009,"ZBTB48"
"392",5.17465006347828,5.30622853936288,5.43822596068396,5.12789622469706,5.15419350128887,5.12924322839538,"PIM3"
"393",9.60735346816796,9.28031994117585,9.70969413140343,9.1033118097202,9.61385637416607,9.38601315288052,"HMCES"
"394",8.46833385681695,8.34528492471429,8.47849910667965,8.7122980787557,8.54132010866826,8.78615788881774,"KCTD13"
"395",13.8299202648719,13.8003222062926,13.7738952831235,13.1603721688013,12.598165941398,13.1475306021636,"LOC100419825"
"396",6.36263601502596,6.70385850710074,6.81590607467998,6.74884831142159,6.78872287647628,6.41943998608554,"ARHGAP25"
"397",11.6915329372534,11.589320526202,11.5247465708311,11.7186829943244,11.2117702352976,11.1781062944741,"MCOLN2"
"398",12.6530632110643,12.8132620295867,12.9586313869215,12.8684429765987,12.6093850070599,13.0614984877677,"CHMP4C"
"399",8.44750943007341,8.70704704433117,8.66797258116834,5.75948619684051,6.41385645540528,6.34846312832028,"C1S"
"400",8.43149177345284,8.55025596951413,8.24767381820847,8.29127026547786,8.2458733088698,8.35391916263891,"SPTSSA"
"401",4.16308172353378,4.27511967530873,4.56243786814056,4.52568682244978,4.55986178094645,4.22302858282234,"FCRLA"
"402",7.36024529578277,6.99729593606458,7.04744919590793,7.59873982188555,6.99600431718922,7.39566909673095,"TP53I3"
"403",6.94108263778851,6.98528878803446,6.97126709678392,6.98151456921387,7.3007781979439,6.81128464623848,"ZIC4"
"404",8.69848533458044,8.46793062469472,8.73063260742786,8.48764528060411,8.99217900436641,8.91844901767898,"EIF2B2"
"405",8.94680102732552,8.60863011185617,8.98625070493671,9.05414612879798,9.18325983468407,8.56149315616758,"CAMKK1"
"406",8.65333586423382,8.73199239137299,8.4777214847513,8.53379223776379,8.40978654457307,8.75269491312601,"PPIB"
"407",9.99552018389298,9.84568532896607,9.88055685041509,8.75838730402221,8.05898381825219,7.97151842510931,"C1R"
"408",6.03128966532386,6.40468383757126,6.63468982502899,5.95222239479613,6.45376092454427,6.0840828772552,"TMEM245"
"409",8.86250780049594,8.53287084381148,8.37571566450477,8.49413308384739,8.26712127779583,8.38724943003381,"DFNB43"
"410",8.03736572622559,7.47706743126118,7.62746646825612,7.43171681917465,7.43433230823601,7.88403610049386,"FAM185A"
"411",8.56174650987136,8.70793709179543,8.57670027993291,6.93369093989278,7.29892152481352,6.96851926893438,"C1RL"
"412",10.1379976585537,9.59137053668973,9.61324872752386,9.80931951684105,9.46988505940393,9.98410149403164,"ZNF816-ZNF321P"
"413",8.07061022383763,7.93665036204553,8.15841748660185,8.0067200999422,8.08024142380849,7.96615987538189,"DCLK3"
"414",6.24567599015336,6.53795625431458,6.75531090602031,6.54022803637649,6.5490926272227,6.81344242308872,"PMS1"
"415",8.19844249527725,8.24432068840365,8.30064933835757,8.14847429068091,8.52615271053873,8.05473378866082,"MIXL1"
"416",9.61419298161661,9.82284594532049,9.17204865307922,9.19986400661503,9.43825057940392,9.48993854306207,"SPG29"
"417",6.53428756603953,6.42337020394222,6.07993155657073,6.65200835894339,6.32552403328816,6.12677438831272,"RFX2"
"418",12.6918661759909,12.1282073656221,12.6379296253953,12.729873390539,12.72277842811,12.356976027092,"TRNT1"
"419",4.57282170021761,4.47591695019735,4.80854080627208,4.9465371582397,4.46382408618924,4.47287553900524,"SYCE1"
"420",6.1218573632111,5.7144076539866,5.65534107427913,5.91863766337267,6.20543974630434,5.94947553551608,"TFAP2A-AS1"
"421",8.83447947936168,8.67346864387754,8.74693684366534,8.8748031488899,9.16659195058667,9.05631881339215,"HOGA1"
"422",9.4683374561318,9.76885181663974,9.79500542916639,9.98957736974378,10.0950345292203,10.0075308491107,"RAVER1"
"423",6.43648629038362,6.73934852018769,6.90573597360678,6.68576435464687,6.40255121338106,6.6651651586391,"SNORA6"
"424",7.6999289871984,7.97216340155066,7.99837506962969,7.99700190688686,7.71998694403882,7.98741855710501,"SPERT"
"425",10.2920535037622,10.8112367148475,10.9111566843793,10.7682327330808,10.3743301570398,10.7880262032559,"RBP4"
"426",4.57823926482667,4.7344280723075,4.27545329354638,4.56031460049452,4.27286774082875,4.44356141693983,"VIP"
"427",6.87095811377296,6.49961257157548,6.54823285745408,6.56397281676761,6.44433194992838,7.07468599776405,"ECM1"
"428",9.67766239188444,9.30896216296053,8.99362746298641,9.36658984584391,8.12735696315837,8.1597691405233,"C1RL-AS1"
"429",8.21832003117361,8.01946743291371,8.59492813677366,8.39022080885261,7.95485834689536,8.2156392020913,"NAXD"
"430",11.1168133463869,11.09211442703,10.797428717522,11.0289085248075,10.8397217149676,10.7367792689614,"FMN2"
"431",10.3942362841771,10.776454144971,10.0818449952732,10.2746970900311,10.7432627951982,10.7652272727502,"CEBPE"
"432",8.93894918688265,9.32564773553892,9.2042014136292,9.36154657271781,8.82182638700418,8.91540133294557,"DYX1"
"433",6.86958107565407,6.73724125224993,6.74179048715245,7.17451358792583,6.90788802298723,6.93990669287395,"COX18"
"434",7.54927350181823,7.94070630242547,7.34875512500303,4.91091757995619,5.42021953873805,4.80416321290707,"RNU6-485P"
"435",6.86486776856382,6.9389557784181,6.81357491430233,7.02264106673848,6.6907962758637,6.92183380483643,"FAP"
"436",11.6188670048074,11.5448065106351,11.5810561094552,12.0144097410048,11.5734798114449,11.8597958087451,"ANO7"
"437",10.55017153353,10.2170782292543,10.0811101917305,10.118815682887,10.3670449326158,10.228270511521,"MYL6B"
"438",10.1431823449332,10.3570233808448,9.88948924795707,10.2001418842429,9.98865921232841,9.92643727301049,"DYX6"
"439",10.3141440517574,10.2594568252228,9.96613797241529,8.67334590769073,8.52974447659615,8.4551409276589,"RBP5"
"440",8.00410619471927,8.25534356066167,7.94050852115253,8.31833554921784,8.22443003102055,8.28424515377794,"C9orf91"
"441",6.42320156037669,6.69257598514428,6.37016567955507,6.05411261134384,6.70327238011052,6.27171178564134,"LINC01362"
"442",8.49234109782678,9.00353501598547,8.35535387983738,8.34625252997646,8.74739743979139,8.31136458042082,"EBF1"
"443",8.28397656145248,7.92468709447791,8.35805996645413,8.57957028297873,8.10361693904193,8.19563966907315,"C10orf71"
"444",5.98205842624711,6.12299369537609,6.36681540583142,6.24416313726422,6.21078328626897,5.87668745902538,"MADD"
