"","cont1","cont2","cont3","test1","test2","test3","gen"
"1",8.71921219118038,9.38472487446172,9.26216816115128,9.22647448277753,8.93119614438915,9.13040060481869,"WDR63"
"2",4.77297378182106,4.88258136620321,4.77177742808771,4.6102942840963,4.67708864167971,4.60828519519712,"PCSK4"
"3",8.84830324779003,8.84423489540282,9.23423229094441,9.16082860358283,9.37270500738554,9.02254777725288,"SERPINB9"
"4",5.63812665289832,5.65220249563426,5.50938533854345,5.72626735083632,5.58058627444941,5.88445855032986,"LINC01249"
"5",8.8518125545501,9.01821825259607,8.80672835444867,8.45196753663986,9.02143774205206,8.35717229756981,"PABPC4L"
"6",12.8763934328102,12.7978981139869,13.2444014441669,13.259719220994,13.0369719196995,13.0051464214771,"GATAD1"
"7",6.88228918650454,7.13620541015748,7.13846404471255,6.9263581333712,7.15704373024362,7.07485117090986,"CLUL1"
"8",8.18163744462456,8.11253129108099,8.18081222233998,8.31975585785615,8.59735598688012,8.40842389441207,"GPR156"
"9",9.33792796334945,9.52239079564905,9.57210606002897,8.40355903211405,7.22680568050519,8.30807207070935,"TNPO1"
"10",9.40320522605962,9.1793098192623,9.5612892353057,9.12802856558535,9.16809624204326,9.6424360831005,"RELT"
"11",8.50224610675672,8.34474831016932,8.48236234442872,7.23002549046811,5.39330022353038,6.18888673493663,"TLR4"
"12",6.26259924344498,6.51609815832897,6.38402604046193,6.65505099910847,6.64960121814925,6.21640387709336,"MPHOSPH10"
"13",4.3268408044187,4.54477531308909,4.87554199300712,4.44339721816786,4.54296550220731,4.30067873077646,"HIST1H2AB"
"14",7.94260264345807,7.31415964762693,7.61679930739225,7.44643001321722,7.71048783561922,7.71655275473248,"NUCB2"
"15",6.5898574175622,6.60806151687882,7.12336528987377,6.60804477390376,7.13828909046848,6.82878947276408,"GLYCTK-AS1"
"16",7.43937794475971,7.52221113528074,7.52715479295069,7.48747996220287,7.5197323290554,7.5413739385487,"SNTA1"
"17",16.5955292276204,16.4351534683896,16.8820219005556,16.5351440396787,16.9242236856073,16.8852005060639,"STAG1"
"18",12.4671144598401,12.3577108187332,12.6912261069541,12.353627494575,12.3675994482668,12.5057773981831,"TAS2R33"
"19",9.37422513368453,9.803281663734,9.58730406459298,9.94795846393882,9.81558254006132,9.74081481323408,"CREM"
"20",12.3149077841632,12.3151257389367,11.9206573951013,12.4079114680207,12.0402627003507,12.3973561041133,"AMBP"
"21",11.8101900790684,11.3221481403138,11.2346860290814,11.4884779489346,11.2528300274721,11.5222449299207,"CLDN14"
"22",12.8044298212987,12.5825827702574,12.5407313008531,12.6116841484376,12.3116201528726,12.2149547952883,"PDCD2"
"23",11.5280498058786,11.3624434134757,11.3179519052236,11.3554468472716,11.3466350553447,11.1235332282257,"DNAJC27"
"24",11.8291359252209,11.9949509829651,11.9230397042879,12.0667442693054,12.0146774038611,12.1399073975721,"SUV39H2"
"25",6.396191668317,7.05046435746581,6.93004636641117,6.93664162480305,6.98193135945406,6.40499393187595,"DTNA"
"26",13.9733757907921,13.6892995901973,13.6562777490961,13.697665625444,13.7490908132695,13.6949423759872,"FRA22B"
"27",9.84005132810544,9.75534512842717,9.17637898924253,9.87153484890214,9.76681084577234,9.21292761664022,"PDCD1LG2"
"28",14.1824510998399,14.2099309632054,14.1735176088491,14.2356358919963,14.6395800018886,14.4614795648122,"ZNF541"
"29",9.48440829663912,10.0366624699211,9.85139571399061,9.84616055848094,9.75639224581288,9.93351980494772,"SMAD1-AS2"
"30",5.90771171703201,5.94963140119822,6.00100712724834,5.98740384844105,6.33138335926059,6.22779981677997,"DIAPH3-AS1"
"31",8.04843168099325,8.13046061613694,8.00912811138148,8.30586324348438,8.35734007321211,7.9784503769885,"LIG3"
"32",7.42249860870372,7.41480898322425,7.38002421846245,6.99638552074724,7.06724516503832,6.97395160253352,"RAB30"
"33",7.8282133622471,8.30456513240726,8.27441998786936,8.28778841307902,8.03308258141744,8.24935170667869,"HOXB13"
"34",7.9556675569591,7.46734373013722,7.59238963545218,7.43508492077925,7.59942391812806,7.74102770566467,"OR2B3"
"35",8.74358028406214,8.16673166031339,8.74012034356319,8.35498745401015,8.61292383730593,8.71703844352265,"CDRT2"
"36",10.2126519932053,10.6484079937129,10.0108290917724,10.0420422089706,10.0804407107,10.3204769779531,"PDGFC"
"37",11.1529739079049,10.6296622127659,10.8915061073321,10.6012593153495,10.7454968036287,11.1278708362596,"TJP1"
"38",13.1511741768295,12.9171859041376,12.6794900142659,12.9082221505183,13.0602692792828,12.7541187415144,"NOC2L"
"39",7.7074786102421,8.10012777963225,7.62531745548326,9.80150331704608,7.6927250470003,9.19033697691874,"SOCS2"
"40",6.89823817039434,6.86815347836555,6.74936138710496,6.5221520210219,6.63487797487595,6.75480836218616,"S100A7A"
"41",11.1589300316629,11.4438612906045,11.3627650029594,11.4919020249156,11.4450428622234,11.3619814638461,"HMSD"
"42",10.5071785521746,10.7060631350564,10.6553821865997,10.9768785176631,10.9676658254344,10.7671038614317,"COL21A1"
"43",10.06581843665,9.75710591566534,10.0878107636512,10.2905596695815,9.85766570936957,10.0589752055948,"BACH1-AS1"
"44",5.26126480622371,5.73042254900521,5.67173719781295,5.79406403527379,5.78091458300151,5.15300108154914,"COL23A1"
"45",8.36104056053541,7.86606473041163,8.23212981301378,7.95893617291466,8.51348357323722,7.8110672331435,"ESRP1"
"46",5.45064477982719,4.96291875890388,5.25682694422281,5.20746435278058,5.2676104679437,5.11320617686519,"PURB"
"47",5.85970268724687,5.69576482929149,5.43608720503999,5.87578338495572,5.65602601957279,5.41710979977002,"SLAMF6"
"48",9.43835857187565,9.89262666368402,9.84946276359503,9.97185242523465,10.0153263546964,9.57084598113203,"KRBA2"
"49",5.95124863208357,6.26290524774285,6.07103909008313,6.30716004173448,6.32982651231795,6.19722089243045,"LINC01004"
"50",6.55328578363723,6.9400137677511,6.68654477657778,6.53630831805512,6.45785828529683,6.9483604831676,"TXNL4A"
"51",8.08613743943194,8.42313677703439,7.91835922225001,7.81981755434672,7.8208194820737,8.11845811770605,"NCBP1"
"52",9.68734530503146,9.23093252182938,9.74522856513265,9.71915376972806,9.28438698402064,9.43515820071554,"SYCP3"
"53",10.2364214050789,10.2817387792503,10.1594061639026,10.7404850385671,10.751877322008,10.6807603078073,"AANAT"
"54",5.11915204137751,5.40895013423364,5.66638450815766,5.35838917907909,5.30421076555682,5.49784547427146,"CSNK1G3"
"55",5.081501866338,4.9543513455483,4.86469355801132,4.93508366958547,5.13647656791,5.01141530219682,"DUX4L20"
"56",7.04908725366988,7.40156643295139,7.39593317439591,7.53855144281672,7.08118928266514,7.1609678251037,"PIRC16"
"57",14.6373488922092,14.4586687348635,14.1745148123774,14.6215991347691,14.4057494718654,14.2376021326541,"ITGA9"
"58",8.9206627820267,8.61069084110028,8.67108301260738,8.57270668418412,8.97002751315327,8.60115953668753,"C6orf183"
"59",13.8241210981289,14.1115401974789,13.9903503479741,13.7993042567578,13.6595273378187,13.8122296944895,"LILRB4"
"60",10.7091312367136,10.1961381862943,10.1727865937346,10.4551104698099,10.6660532026617,10.4257065169184,"ESA4"
"61",6.75878923801975,6.90225714432296,6.78185232474695,6.59289384105304,6.65995623044337,6.50626560551452,"CEL"
"62",8.26306430733825,8.24672193429145,8.47937320575306,8.77531489647967,8.45835042599801,8.57050313148492,"FAS"
"63",10.656945889448,10.8605898362955,10.5827668424155,10.5968990546631,10.7276620646545,10.6506937811479,"SLC35G2"
"64",8.80137025986298,8.9685138292407,9.0264481932579,9.31631609056465,9.14586815077573,9.18398104464517,"NRGN"
"65",5.15914324599478,5.37233922342672,4.99786144596666,5.21443431057878,5.03364442390314,5.03637327128534,"GJA5"
"66",10.0967112759082,9.84768019379857,9.70277908965689,9.90231056586756,9.72014060621615,9.59420844867542,"PRRC2A"
"67",7.90958475041214,7.80022541926608,8.08079970288674,7.59551806075789,8.10988854296195,7.92866969974835,"KIAA1211"
"68",5.06637765456355,4.90530328587118,5.17290879078841,5.46650951220149,5.28330827166318,4.91953575091575,"S100A3"
"69",6.23728806656722,6.92584617218971,6.47743173601353,6.27507155805046,6.69974047419775,6.23668495111633,"PCDHGA3"
"70",9.14029256013256,8.51324326492851,9.03775557409534,8.94787405128057,8.60255041889617,8.714441699613,"NTM-AS1"
"71",9.32628651911035,9.07896676298631,9.00381029859696,9.47173106795521,8.99263568674107,9.22366579279887,"HEXIM2"
"72",10.2518560336276,9.95838670962327,9.9966404239668,10.1223149972221,9.96875648197621,10.2952928788124,"PTP4A1"
"73",6.67974710297302,6.44529548736053,6.74326380307827,6.33448196013787,6.7444447484241,6.34390885656244,"GPR139"
"74",11.6757448279832,12.0100556525921,12.0036507304949,11.5812436394556,11.9806192507731,11.591309779221,"C11orf74"
"75",11.4554753725691,11.4303329782905,10.9521127338496,10.8804730409223,11.1337933036576,10.7881078220459,"GLTSCR1-AS1"
"76",6.89479170956603,6.6763061982036,7.15529028189016,6.86862444279084,6.83266726218542,7.13969098829377,"FILIP1"
"77",7.36921173282357,7.23401936407874,7.58719428397267,7.64243639423072,7.28124920612623,7.41058048385705,"COL6A5"
"78",8.32053361350175,8.22716006976974,8.47914924053191,8.34062740072641,8.43781078736738,8.22070937233516,"PADI3"
"79",5.68940412545984,5.24588336681299,5.6086203904781,7.25042065177807,6.99351207924286,7.87580272670198,"MAVS"
"80",4.86697113047488,5.09724494590447,4.62260855712039,5.02516875420773,5.11981729444857,5.07648121704654,"TRBD1"
"81",9.28344245845292,9.41176171053357,9.71479858588102,9.65424541024562,9.04246527563555,9.44426989226484,"SPACA1"
"82",8.40948609160476,8.23827920751974,8.39479505470435,7.81678210269563,8.45202346845132,7.73802288184997,"SPP1"
"83",15.4441632132262,15.0696037988689,15.0417372640357,15.4291378401276,15.4199150777008,15.2924143461449,"SLC12A7"
"84",11.5640242966701,11.5512189392981,11.7042680881064,11.8343962426287,12.1225217716408,11.8422617671708,"GPR150"
"85",10.0122632186649,9.72947445035059,10.2335638498951,9.84440961275475,9.84183851417439,9.61124911928686,"CDRT15L2"
"86",7.19146372888947,7.11651065284734,7.07270334120427,7.32873463757169,7.3858477670193,7.15996939115881,"PPM1G"
"87",10.0123914087158,9.98257035588965,9.80893024633125,9.53220524941065,9.94179063045131,9.74739825847026,"CCNB2"
"88",8.3728907440595,8.72538824673654,8.76285994487333,8.51552322957174,8.31640145179067,8.71580907444422,"DDX28"
"89",5.52671556240714,5.08266907823206,5.18184277169509,5.20163595323672,5.71439870658503,5.56787108079496,"C10orf54"
"90",7.7977663913199,7.28562804582396,7.26818570489882,7.38624259684633,7.71951951765675,7.33438152584163,"TRE-CTC1-7"
"91",6.84099758296907,6.28358340600508,6.56609439478795,6.28900673622683,6.56772168689137,6.86126569521707,"HSPA6"
"92",4.81115013444582,4.45349353206097,4.64702215178689,4.53261153698834,4.87756816424021,4.39968049953198,"VSTM4"
"93",11.4453966430002,11.5522480584332,11.1580252995547,10.916017127923,11.4688575176432,11.3939131385823,"TSPAN16"
"94",9.6277594675196,9.69664747090095,9.31377141017578,9.27197355877467,9.58428126098828,9.23379172493575,"DFNA42"
"95",11.993924945169,12.2900995042881,12.4542864243206,12.1369367722436,12.5071602360528,11.9102172943409,"FNTA"
"96",5.3781433794407,5.23558197334693,5.24395782239096,5.14352283343167,5.51730828108744,4.92051878250941,"PLB1"
"97",7.18880902266146,6.72149874464795,6.54904765724759,7.13341228094084,6.75399662077314,6.65983001940432,"C1orf186"
"98",9.94522862114881,9.56935081595903,10.0273533359972,9.77591813761685,9.83347069341969,9.58899499502347,"PDLIM7"
"99",13.0610648539279,13.3364526206872,13.5515254400316,13.2251686692109,13.0402200246329,13.2459663664028,"CADM2-AS2"
"100",10.1810684442897,10.4835309490907,10.4082658880087,10.3190003218664,9.84150940922634,9.87856286240799,"DEFB112"
"101",14.1139799182611,14.3662905359453,14.3450323957478,13.918858926315,13.9894169451983,14.3063438655093,"SCG5"
"102",8.68215629497586,8.61178923962662,9.10151672109131,8.52145000272048,8.58755917948329,8.87496781912453,"ADAT3"
"103",12.0241882026496,11.8898405612995,11.6538007094694,11.7519910634393,11.6631937241083,11.6728422388336,"LINC00536"
"104",8.78024708369798,8.7879520313086,9.16373305380048,8.65003421403874,8.72471935291018,8.96892384573264,"ZNF57"
"105",9.50489304516262,9.52338377259184,9.27200723929475,9.35847690422475,9.02302266840902,9.56894292528811,"DLGAP1-AS4"
"106",13.7079759832822,13.7594803101258,13.3425374995498,13.8381463954854,13.4093400976944,13.6891333645284,"MGST2"
"107",6.27482920399147,6.18231173315959,5.81546476833469,6.42059858008398,5.75493182995736,6.37050603839128,"AP2M1"
"108",4.88672090006407,5.10047918664064,5.04753717127708,5.02333220788334,4.84898436051245,5.37147177574892,"TEX19"
"109",12.4405875398372,12.0018907150821,11.9335857840052,12.189684551702,12.0588556342932,12.3128881052746,"APOBEC3B"
"110",8.77697659911498,9.09458386298785,9.2485520781578,9.15024497176334,8.93437558855506,9.12576566780395,"OOSP2"
"111",10.03314436976,10.404213513695,10.1379032872742,10.3073351131283,9.85173384267778,9.84334992140427,"MTRNR2L9"
"112",10.5575656773478,10.8677367257947,10.8721937541272,10.2992544296407,10.8374902402368,10.812373214328,"MLK7-AS1"
"113",6.45008143079935,6.4604354386444,6.91854766785493,7.02010579554936,6.7736834820174,6.91154035819768,"LINC01157"
"114",8.09519879886836,8.32870910245092,8.15688049425541,7.96497463890632,8.46186460872118,8.0389170684069,"SMDT1"
"115",7.6308193782406,7.36044806620764,7.79466728205883,7.62742834815481,7.76920901710093,7.49028265123426,"PIRC78"
"116",10.3823050291891,10.848820209069,10.8100696238053,10.6840087171957,10.2880412705421,10.2775658384434,"ADAMTS2"
"117",10.0345210732044,9.93552004656542,9.94425358572501,9.94662146895906,10.1199692012626,10.178610947048,"GGPS1"
"118",4.74597824972864,4.9803398037169,5.06661809242208,4.9122779473017,4.80499162610511,4.51987027798345,"HM13"
"119",6.40056716026691,5.98712466749608,6.18181784269942,6.32614729909582,6.37786392365034,5.84442231693386,"CDH1"
"120",10.3325094002157,10.7315075920557,10.46884094232,10.583523334375,10.8597398301121,10.5133190320018,"ASXL3"
"121",8.13847457343835,7.92578298770363,8.13185105120125,8.58618859652297,8.59933910784963,8.51478008823074,"LZTS1"
"122",9.96157273926303,9.62979567065034,9.57551808165978,9.98964390103538,10.1376128259294,10.0296736138679,"MGME1"
"123",8.83308858992582,8.66983308870902,8.91513218585165,8.66935421833666,8.9245752330477,8.8440526911543,"SLC39A5"
"124",10.5627912428698,11.0605744437164,10.534945966487,10.9827751627588,10.5692536372662,10.7127567953377,"FBXL14"
"125",11.9370818969857,12.0461066649626,12.1775329763865,11.9654635623337,12.2714314834288,12.1692932822363,"OSMR"
"126",9.85742830900758,9.42464205544464,9.33366216590353,9.34862523968466,9.30966912579171,9.74165200526784,"MYBL2"
"127",9.52908315369541,9.21704808069956,9.56917493788157,9.08114507807987,9.60397578274433,9.09880736232783,"TRAJ13"
"128",6.11511820500271,6.41980856485446,6.16288786237091,6.24539939155761,6.01317431123211,6.50130469762701,"TRE-CTC6-1"
"129",8.38750103706194,8.05838201295997,8.02410252520763,8.19290873685835,8.0422158145194,8.4763866352114,"TRMT10C"
"130",9.44199618638052,9.65228720685487,9.67747998997304,9.08347921648337,9.53677805450289,9.40221383492408,"HOMER1"
"131",9.94270117070363,9.54827178766433,9.56747743124688,9.47540843592787,9.56483694399529,10.0303389652144,"C14orf178"
"132",4.76121231771857,4.79002239460482,4.37610523388715,4.31199903843091,4.23771865826079,4.44056463567696,"SIDT1-AS1"
"133",5.17121990056808,5.29822072882353,5.53488348714539,5.06844143693723,5.41744128057682,5.48494007969969,"INS"
"134",9.87056075687468,10.1019350282571,9.61005492221866,10.1984633762279,9.95032226930032,10.1621921217096,"IL17RA"
"135",6.73174161431784,6.84723771872972,6.99351425107227,6.67478265121236,6.97833438010618,6.67020715094359,"TBC1D9B"
"136",5.84698172705514,5.68508079512905,5.54810206930746,6.22731535392448,6.00067541601786,5.57151950036185,"SGO1-AS1"
"137",10.5421806322756,10.794584365527,10.6407515882461,10.378206037741,10.6813242750329,10.865197775616,"FRA7B"
"138",5.38458335533093,5.60103672872206,5.67252381389712,5.48041484079731,5.77643052250424,5.89267105915938,"TRY-GTA7-1"
"139",6.65507127141842,6.84137689780452,6.63444777761468,6.95167360063156,6.73668443532158,6.96956647715938,"NCK2"
"140",9.33002571527341,9.20100494850935,9.69381358831244,9.68305733191428,9.69999793661797,9.15965683219617,"RPS25"
"141",5.20026393627334,5.19733558733332,4.96499205331743,4.89249771834092,5.26472603526795,5.02136289023159,"ERAP1"
"142",5.9960045432877,6.0261226336951,6.00690410437317,6.0875989130512,6.14418994430978,5.84027704713154,"ERLIN1"
"143",12.5446250506121,12.6307306368765,12.7460420068989,12.9679512383842,12.8135715336144,13.02641733548,"SERF1B"
"144",9.16802719567553,8.81500926483853,8.89406625984425,9.33284125485606,8.92411013110333,8.94190523935725,"ORC6"
"145",9.54998721568296,9.3138450604257,9.14710862915866,9.40699326104382,9.16135001834294,9.70320807511597,"CEP170B"
"146",6.41431182238062,6.41199507206654,5.81072041309969,6.27401327794978,6.3610756881923,5.8863978372805,"SYCP1"
"147",16.4632041077883,16.5294750208512,16.8612663306723,16.5299013471724,16.5659498328505,16.6490028128728,"OR7D4"
"148",6.60893426997674,6.88091434292023,6.38032458782022,6.49837138394772,6.50158980483623,6.46851977933105,"WRNIP1"
"149",6.7788813193494,6.71096856138772,6.73737140663283,6.66163193355937,6.32813338874455,6.6730412764118,"PTPRJ-AS1"
"150",8.66313176517892,8.66833061385423,8.75918230449729,9.01290437871138,8.69295923591632,8.82879500127626,"GRK4"
"151",13.5868481494542,13.6759848537195,13.5022865168353,13.4920374664118,13.6377962016461,13.1909099019913,"SNORD116-11"
"152",8.44953393781744,8.46094586393698,8.26456558372447,8.74980100127208,8.35353258803873,8.38047747405827,"C8orf17"
"153",6.6155661216174,6.57886429188261,6.71075547123534,6.75986682763222,6.22163724607819,6.31282144689368,"RPL37A"
"154",7.05694109050801,7.62450418848307,7.28552157186297,7.20354577912946,7.19761531691429,7.15539715743363,"AMD1"
"155",7.76566831636906,7.42125295208594,7.5514793219513,7.51051392414218,7.95661499093644,7.95185482444563,"TGOLN2"
"156",8.48772044483267,8.44214514749414,7.9901734167802,8.12481519722299,8.31999805594866,8.1438612913209,"IGHV1-18"
"157",7.54076290154064,7.61161304160553,7.14741227401253,7.03173117078792,7.42769644451924,7.24538879374543,"LENEP"
"158",10.7418695175389,10.6611345455583,10.703672576087,10.1199960424581,10.158474565922,10.2240793233645,"HHLA1"
"159",7.53156545890628,7.76168208480183,7.43888508142193,7.70455131662199,7.86956765676329,7.29915491216423,"PSMD7"
"160",7.87942138942759,7.59700831846893,7.73458697828887,7.33793190737622,7.50918359930007,7.60841152998315,"ACSL3"
"161",7.16741535175335,7.27538653880278,7.43352360360226,7.47045497492537,7.6646585038988,7.35378526162188,"DEFA1A3"
"162",7.18800658929047,7.10635066028464,6.91428945946084,7.0533097753711,6.95040744335595,6.75273873178376,"MTMR4"
"163",5.53279335512935,5.07368216674723,5.28904212608525,5.4960885105384,5.36818050745301,5.18575353784443,"LINC01558"
"164",8.17714279641075,8.41766522821572,7.93504904947688,7.9758089129246,8.38439071191761,7.76054532800141,"AMTN"
"165",8.32278385346443,8.00498339711869,8.15453197172704,9.47126303591574,10.4360811336581,9.04704329818689,"IRF7"
"166",12.436950600459,12.7858148378475,12.2998841674219,12.7745798108545,12.6922595339177,12.2455355566387,"ODF3L1"
"167",5.59006235880095,5.70620781852214,5.95692604574139,5.68254893571698,5.77285272036609,5.89701271331201,"LINC00597"
"168",6.55292428177923,5.98694194662959,6.38284707335765,6.34159525841477,6.53606105099799,6.35268133149594,"ORMDL2"
"169",10.5990393692338,10.5964550624603,10.5137798223156,10.3194506511138,10.4167361480247,10.2689366953373,"NRN1L"
"170",5.09846968223388,4.67167920235074,4.69051281409978,4.30919161977241,2.83048100098465,2.02704039261932,"TLR3"
"171",14.7729994027353,14.8714769972148,14.4105980780014,14.5699398885138,14.6775711401719,14.4222555026899,"TRR-TCG4-1"
"172",7.73390969117781,7.67976839097096,7.29227292424767,7.70567368124163,7.43849837679446,7.90208272555704,"STOM"
"173",5.13851301281495,4.83986282721385,4.94573073421794,4.92262912122672,5.01020794112011,5.39631408905864,"OLFML2A"
"174",6.07294834812656,6.37452136132227,6.23154188883536,6.29531684503742,6.12901729187265,5.94358743045432,"SBNO2"
"175",13.115104909855,13.1222476208561,13.0408437855681,12.8333434195107,12.8944284773698,13.2469964744529,"LBX1"
"176",10.959085039571,11.0109094917974,11.050317704494,11.4669919743316,11.3911161268862,11.5257769585055,"OR4F5"
"177",9.54198954138599,9.25669197450635,9.54389163153428,9.52407291609044,9.1351711440852,9.0161369590533,"ADORA1"
"178",8.07080778216535,8.16317391764457,7.84681908694887,8.29223148118452,7.99182683766094,8.31051024668753,"FBXL5"
"179",10.4660435506512,10.9784450227832,10.3759355180787,10.5901463810511,10.7525211337526,10.3033773897435,"SEA"
"180",4.20682024042509,4.53975015520667,4.44584762617662,4.42748531973999,4.56491172098276,4.55678950795914,"HIST1H2BE"
"181",6.14969693592725,6.04152306785782,5.94509002183726,6.47652162045161,6.3887813511053,6.46052388417825,"AGBL4-IT1"
"182",7.25697539369343,7.02524138823288,7.22273533606849,7.24502461720809,7.04381623064356,7.54663624796549,"ZMYND10"
"183",10.2939272864736,10.4160250227567,10.4350087859181,10.2532541940798,11.7088935672821,10.4277797581182,"IFNB1"
"184",9.52793372626976,9.21247251218482,8.94896465209474,9.04060580144319,8.87446795114825,8.91354578064949,"UNC5B"
"185",11.6196209497721,11.3304525672634,11.0496444659563,11.2620511143707,11.4300162771822,11.4719767622192,"TMEM231"
"186",8.53968922440757,8.4913894127852,8.47176089274281,8.4563226222727,8.21871920427586,8.73417900771155,"HOXB8"
"187",10.4456711163328,10.2339250386773,10.6572928139372,10.4607033078487,10.3052611595337,10.5836571154024,"LINC00924"
"188",11.9368652033154,11.8663842253337,11.9720529168558,11.9983549712574,11.6065716440906,11.418383505369,"MSK32"
"189",7.11382649235582,7.39415510634228,7.7071294772175,7.52570350380047,7.54414140160643,7.19231959001039,"STEAP2"
"190",12.9664441323737,12.7484059581347,12.7318954958264,13.0717517443467,12.6987035459514,13.0771819384703,"METTL1"
"191",11.6856423102797,11.5005231339588,11.7803477926358,11.2386921707554,11.5250407650276,11.7431355807592,"ATP5G2"
"192",11.1193395336984,11.3856889747875,11.0515802804927,11.0959556883638,11.0482265275046,10.8765864756978,"LINC01567"
"193",6.36923951326024,6.29297170302745,6.57356229670156,6.70125318135132,6.69852058865918,6.40663252333898,"PIRC104"
"194",9.92744944912531,9.74341852618641,9.86058564435675,9.67332208436329,9.64476591647287,10.0100311596065,"LIPB"
"195",5.71165051517162,6.11065171567504,5.52317599251374,5.89630378270542,6.1287764777715,5.90558867460621,"MCTP1"
"196",7.33763961525445,7.39670522463177,7.1417692368879,7.09100155811268,6.94456394262006,7.19039939677569,"LINC00472"
"197",12.9362568849496,12.7079463044823,12.9475122104937,12.8356657867501,12.7597777318173,13.0630979276156,"ERVK-14"
"198",10.6999175102154,10.5347970723853,10.2300924244092,8.80409318230435,8.84374649635009,9.96235156248018,"PURA"
"199",8.10606469897337,7.56782164869588,7.64712506689886,7.54220746014173,7.45073485444369,7.56666167207145,"SLC25A10"
"200",12.6556997097726,12.6223701639684,12.7004213280595,12.5958343354792,12.955315327726,12.8341216024322,"MBD1"
"201",6.85959934050035,6.7368357124483,6.6227981461541,6.55625218069638,7.19996391080687,6.90499924806383,"AP3S1"
"202",5.47172253125631,5.75106262386545,5.52390020886212,5.42733411548813,5.82223895049356,5.42430189575476,"C1S"
"203",5.62474050704481,5.49495671000386,5.88397333759268,5.55759559171629,5.80240230148376,5.21771101973622,"NFATC3"
"204",7.72441698856969,8.09991405211564,7.87452854062549,8.16299180673677,7.48318295863096,8.04915660435518,"DFNB90"
"205",10.4076885493459,10.3373068663032,10.3620918868722,11.4727673396243,11.4384746540606,11.6204034712496,"IFNA2"
"206",5.83806446951968,5.52493373278605,5.70258331140123,5.97242161801177,5.93227327761411,6.15237310868023,"DNAJC25"
"207",13.2774152825629,13.2423446135641,13.494625560666,13.7697322653038,13.3457303090611,13.6037527912963,"SNORD113-9"
"208",6.94598577790426,7.00299509216337,7.0429982417444,6.80469214616129,6.96787029709409,7.01078558990706,"RD3L"
"209",6.55722159812738,6.27148218742304,6.38105760437673,6.51797207749174,6.126718427465,6.02760933993488,"LINC01219"
"210",5.49690300894774,5.62105947158077,5.95705869055921,5.70438463027973,5.83243725561982,5.90795229091298,"PAK1IP1"
"211",11.1528600806325,10.8481585756087,10.6691063498215,10.6101704021162,11.2021215622118,10.8451908891802,"MSMO1"
"212",6.99895834786501,7.19577060269659,6.63543503069705,6.65537048682753,6.55506340276455,6.95344459311906,"THAP10"
"213",10.5560924389196,10.5713844641105,10.1226290491358,10.5869483608877,10.5574115645977,10.6212160680772,"COMMD7"
"214",9.42172737728746,10.0813014876027,9.54344610622278,9.51039606651847,9.89471009569179,9.64457652027471,"TNFRSF8"
"215",5.90983208754477,6.00985410182897,5.68721931996298,5.93370278183147,5.83042042377627,6.01260511408348,"RPL24"
"216",8.91064546013989,8.49916622763021,8.66600714259354,8.71032398034754,8.8833786967503,8.34275095532098,"TRA-AGC15-1"
"217",8.07833887116666,8.70001509462435,8.72966346421099,8.42613528536603,8.45150659996592,8.38218125979625,"IGHV4-28"
"218",5.56138410593063,6.01191120377452,5.74095752249664,6.08571610362386,5.53430136224176,5.50063968432139,"NYAP1"
"219",5.97880463664205,6.07943316335069,5.44782281105156,5.52122095614193,5.76746547852988,5.55943986774305,"HLTF"
"220",4.57855152909439,4.3786721038534,4.75416181426712,4.38355365814366,4.63561069750888,4.36726113406417,"NAE1"
"221",9.55289281023192,9.27102430693321,9.06658128267265,8.88926535052796,9.38984669514433,9.56955233088124,"LRRC7"
"222",11.0586234520781,10.8251922913892,11.2468348505033,10.7199174334384,10.7731499203739,10.8664594802262,"NRSN2-AS1"
"223",9.05979290135791,8.76986688820388,8.59855734593321,8.62758390491141,8.44031884116517,8.569090083092,"TMEM171"
"224",5.88238944834706,5.43326204983231,5.81469007263053,5.31437068604296,5.72004484848991,5.64617895727909,"LINC01250"
"225",8.74076042710528,9.00141519351636,8.4410009363558,8.29670615478541,7.29370425951836,6.76267784602347,"NR1H4"
"226",6.75320501839938,6.91086002360643,7.07252111865215,7.28330761120871,6.61077618964431,7.07678733778423,"LRP12"
"227",11.7055407617839,11.3886479372577,11.2813595115564,11.3025242716749,11.8395455944143,11.8194021977495,"OR51M1"
"228",10.9505491362606,11.2907626457981,10.9374081041927,11.354145781516,11.3577977081768,11.3130428241792,"SPATC1L"
"229",6.14194188428037,5.66147106561906,5.8217005212448,6.10467847884513,5.82679630007444,5.83946816107227,"C10orf113"
"230",14.325856863024,14.2975271734805,14.2112926855394,14.6099504770526,14.3790244688212,14.2927846706851,"NSF"
"231",5.48653884741599,5.60662915148043,5.77317775721114,5.42273324974785,5.49407931016763,5.97661441309891,"KIAA1033"
"232",5.96946724357495,5.94465693110954,5.41925591826147,5.55120176522871,5.70644876531977,5.92934582086455,"CD96"
"233",4.92538420998927,5.27048434806856,4.82801480215359,5.23750698113334,5.0829279784816,5.18589024211999,"RSU1"
"234",9.57276151647196,9.85449211663561,9.78447132490631,9.40693333649167,9.59107701166345,9.44376063868711,"CYTH4"
"235",7.92578828970836,8.01072035641305,7.97383695173618,7.62517672444987,7.80680444907297,8.02181509623885,"POLR2I"
"236",10.8446525116632,10.7066435280315,10.797683081781,11.2570739147429,11.0111362918339,11.2306921300178,"TIGD2"
"237",5.63140587937753,5.81852402633731,5.67167306398327,5.70823509679136,5.43302004561236,5.26181288386255,"OSBPL9"
"238",6.74897876888889,7.3600965351012,7.2092010570381,7.00751287945779,7.26076795897403,7.15362030096303,"HSF2"
"239",6.61467694634796,6.51502537507844,6.31905626776356,6.58268899835048,6.85417878752286,6.68641687018705,"SEPT12"
"240",11.7244669186519,11.7077479309545,11.3754781906553,11.3508916906003,11.5449497225146,11.834481433234,"ANAPC2"
"241",10.8064511287916,10.65854516659,10.9634070896628,10.7617696102481,10.5712435309014,10.5886145041586,"MT1E"
"242",5.30005496640704,4.8475037644044,5.39092799227863,5.27718972337214,5.15781329787534,5.17341370217853,"KLHL3"
"243",6.91025474473901,7.06876485754944,6.94528786358804,7.27175406496737,7.48268603208978,6.79143687694333,"CCDC36"
"244",13.1925931956072,12.7482344243499,13.2133694720769,12.9351480594618,13.0639821413464,12.9579917977453,"ZCWPW2"
"245",9.64165074366331,9.19427567560194,9.03720280124715,9.22424615982628,9.62530615200734,9.71162624831618,"STXBP5-AS1"
"246",5.95861337526705,5.84336957242318,5.66399594384954,7.5762691446556,7.10818752802146,7.78937952042377,"IFNA13"
"247",10.587773309887,10.3631007674888,10.3451623804004,10.7191599342062,10.5141714807778,10.7495620927058,"LINC00970"
"248",12.2603226330995,12.5316721205909,12.511977492652,12.1541133778566,12.2283558743218,12.4652903870255,"PLEKHH3"
"249",6.59391340809076,6.76150513580896,6.75797595041192,6.58286686581934,6.90284676831311,6.27402161849203,"LMO7DN-IT1"
"250",10.3127109891759,10.8395762956123,10.246301365894,10.5249445954352,10.3051953878989,10.4958184125603,"CAMSAP3"
"251",11.3134678329474,11.7988669986909,11.6149828916609,11.8592881567898,11.4175917444703,11.3595660340502,"SYNE1-AS1"
"252",13.2112250736874,13.3598888047735,13.0987701212657,12.9478219771829,13.4390899258865,12.8810931630694,"C12orf49"
"253",6.81373157824725,6.88584712927744,6.78272039982061,6.47166201084346,6.628677110405,6.8319491343254,"BCKDK"
"254",7.86448138615543,8.17771801258544,7.87825127863988,8.14641206407891,7.830873631942,7.86443460276556,"CYP3A7"
"255",9.26136876250357,8.85156181096928,9.11397198223423,10.2232304211008,10.3093406297318,10.0321545144583,"IFNA1"
"256",12.0586434277191,12.4164348192615,12.3972691123576,12.2865948775578,12.6019762947604,12.6391139706536,"DPH6"
"257",10.8241004730764,10.473587817901,10.8668615569019,11.0054106027792,11.1079073436909,10.9274459895275,"MCPH1-AS1"
"258",8.37838875287681,8.27908491655907,8.19976166664803,8.21262257713298,8.1620285032881,8.34676886304001,"SLC39A11"
"259",5.80893631320578,6.08360713397887,5.93804550314561,5.92933114918935,6.05358795937882,6.1715483308332,"STT3B"
"260",10.2963873103399,10.2767272295926,9.82126226286969,9.6868565196006,10.0733232959892,9.96123413363201,"MNX1-AS2"
"261",7.5362230381256,7.39763219254905,7.35545779861421,7.46491330842167,7.51276395087993,7.21381124505661,"DENND6B"
"262",9.54629408608553,8.99588207382853,9.3146534086292,9.48870332855299,9.52207490027954,9.5794413924165,"NDUFB2-AS1"
"263",6.10659046037966,5.69794346545165,6.00058786905722,5.69818789075561,5.95859085908655,5.71581801249459,"OR8G5"
"264",13.1962325126659,13.3019754107705,13.5412147130359,13.7953375832598,13.5749539756695,13.6832483561376,"KCNJ5"
"265",10.5699867735171,10.5269063091847,10.448272762204,10.6488350289803,10.1393104839724,10.4806347087185,"KHDRBS2"
"266",9.73771604451384,9.95261561195033,9.87345058278742,9.93072351687912,10.0856082402163,9.84697827009666,"TMED4"
"267",7.39905694501999,7.05886155602303,6.76831120993027,7.13928298952638,7.15918911028394,7.38290882397765,"DGCR"
"268",8.86161296161265,8.44194107228016,8.52690886162129,8.82790948056011,8.76596307642843,8.19906438074489,"ERVK11-1"
"269",8.49221714479722,8.58038959945302,8.53848651657017,8.47158840995003,8.90549153282368,8.58969632532528,"CRYZL1"
"270",11.2372540798352,11.4700331507579,11.4614356214978,11.1989288411091,11.3001239273291,11.3207399593429,"IGHV3-74"
"271",6.3466798334519,6.38580304414616,6.70126753960943,6.3372845943818,6.68948330258585,6.62465256716816,"DCTN6"
"272",6.03317417990283,6.24441765862075,6.34805039948948,5.77849432882467,5.97723275450112,5.82265744541744,"ZNF784"
"273",6.62063690932548,6.5090726649595,6.43345059365703,6.14838103972279,6.22533657409293,6.02571430332757,"STEAP3-AS1"
"274",9.20646361092758,9.09773595537879,9.29100274163683,8.7645475248816,9.24652979482982,8.77123664044215,"AGO4"
"275",4.526823875248,4.52350707514194,4.75794555424877,4.39742707506757,4.15488587514996,4.71361458217014,"TFAP2C"
"276",7.60295967191135,7.1922703225266,7.23647483115866,7.02727100453654,7.14415151476353,7.1654027920813,"CBX1"
"277",7.15610825325338,7.26600423485639,7.13598612164265,7.3037589659579,6.80996999284707,7.03896247825125,"GPR108"
"278",7.34462641634324,6.88657611394551,7.35354671465326,7.33515406470731,6.97511954312741,6.88931081516475,"MATN1-AS1"
"279",7.5706229032122,8.20577153812505,8.14329042975623,7.69524991072419,7.74272301298585,8.26503002727699,"TPTE"
"280",13.926403463473,13.8280586658826,13.6094345536996,13.4689535990762,13.4690297141439,13.5614561924155,"SCMH1"
"281",8.73090088896668,8.32783962991452,8.87465340197279,8.74433399816954,8.64415548236803,8.64668036732956,"USP15"
"282",12.4505769569151,12.4229033118122,12.4269503200391,12.4624795751643,12.5707624034682,12.4849513611774,"SEMA6B"
"283",5.69314250306877,5.72760837416584,5.87700258890211,5.88271686046076,6.12279424207468,5.94876578780814,"LCE3E"
"284",8.31736962964407,8.36283554446871,8.61496185786169,8.62913036406983,8.62985426556759,8.66997904881084,"CINP"
"285",9.09615367650839,8.92115156536001,8.57453673524582,9.13732921761348,9.12215735090646,9.00888612063321,"SLC17A9"
"286",11.9262822162744,11.918612855104,12.0353249762349,12.3559590030781,12.2930962515398,11.8480336711347,"GBP1"
"287",9.6667333431764,9.20380977320337,9.82549074827439,9.13642821455312,9.50536352781479,9.79549946808668,"AKAP5"
"288",5.96041685710492,5.94940885297551,5.73796805172434,5.91937308252211,5.66293111834991,5.75495396498933,"FASLG"
"289",7.66131541621477,7.81667536789801,7.43444364481382,7.36408178151915,7.84166318411085,7.70797299003939,"ELFN1"
"290",8.18935356293203,8.57754354684002,8.79512869213511,8.84972790100621,8.63449343752843,8.23236049078112,"ZIM3"
"291",11.1915588966704,11.6081214732128,11.6636715317014,11.1195216817458,11.1343274779979,11.585710946461,"KCTD9"
"292",8.21306803047331,8.25856871735903,8.70923510146698,8.10741936889706,8.67707715071463,8.78214277073551,"KIAA0319"
"293",6.1691056099829,6.36990239137396,6.50499194206772,6.50256422890677,6.22602629665139,6.0242834669372,"LEMD1"
"294",10.7359574068708,11.0778633355859,10.8613109487263,12.3952368122815,11.1629327557554,11.7235534205725,"CXCL10"
"295",8.93976323698342,9.44389351363268,9.50970260120378,8.96121653896111,9.32937623142038,9.50768957262118,"FRA2C"
"296",9.92226996252758,9.30910477702501,9.52324076225282,9.58289598715826,9.62849961471374,9.42195556952534,"BCHE"
"297",17.218765635942,16.9813221562961,16.9424374667669,17.0808390332513,16.9467226765013,17.0288427861606,"ROR1"
"298",9.87945326678549,9.61870071261946,9.97722367627286,9.72880785092625,9.85704778107655,10.0289946188849,"CCL21"
"299",6.56993707776329,6.48253271132015,6.49402333885921,6.15348742057347,6.25073042682307,6.45369695127014,"RBPJ"
"300",7.73493934320663,7.34213075635728,7.35989928083879,7.46245206385201,7.80635922697991,7.82177174821274,"ELDR"
"301",7.94515866147499,8.23589571159347,8.17154892224973,8.35152268194205,8.27912318443667,8.4199481261668,"TNS3"
"302",8.71340388350982,8.86992580563966,8.3354751654462,8.51951627411449,8.33150867884469,8.63818176583716,"ATP11A-AS1"
"303",10.2784458574645,10.2284783262582,9.85581785197492,9.9221105773592,10.175064564344,9.93418060525545,"PCDHGB1"
"304",8.75158449412831,8.73174890643926,8.35243435212376,8.09155131530436,8.1990946583885,8.26114670184509,"ZMYND11"
"305",13.7549542204585,13.203367206876,13.3790609249831,13.28804084058,13.4493899860178,13.7962433270394,"TRR-ACG2-2"
"306",10.4305956845046,9.86886274834038,9.90375995000027,9.8270021251319,10.1271634691944,10.1024214618499,"OR4P4"
"307",7.3918610576981,7.66555560157718,7.81341350070431,7.57177174155786,7.71394615513004,7.40644643299153,"CLDN17"
"308",9.90534347834109,9.71691590180441,9.55810767802206,8.58890735190861,8.9246824972034,9.06578886808576,"IRF5"
"309",11.3336540884727,11.3647853078586,11.131024707007,11.7256151920962,11.1508470727607,11.48454999731,"LILRA5"
"310",5.72502452393363,5.66180547815057,5.56733903938882,5.96565989812996,5.97890763720959,5.96427184668948,"CTU1"
"311",6.60076709981123,6.66570643819759,7.13152199146097,6.87040276766394,6.9745654857167,7.19609880542139,"MSTO1"
"312",7.52860724441909,7.41889492295929,6.90156317849113,7.38380039589284,7.24406202667207,6.91893258189528,"QPCT"
"313",11.4040754997054,11.718847170066,11.5445821313726,11.4800314148356,11.84085756837,11.6208773778261,"FUT3"
"314",7.15795591900432,7.58368155397675,7.20359653921247,7.36761134832349,7.55249436084528,7.54711045268717,"ARG2"
"315",7.2090679613849,7.21428479993935,6.82554759463213,6.67239949956977,7.04596042330943,7.12528056327382,"MEIOB"
"316",4.14199181193155,4.19893906284778,4.26952883517635,4.4064955792008,4.517969577747,4.18932428297771,"TTC30A"
"317",6.46753631661332,6.59776239186974,6.83191670639127,6.35787379186652,6.70253310185489,6.35723645367477,"TMEM196"
"318",6.22187949157965,6.32963423926437,6.03181076273497,6.02122104493753,5.91590513492046,6.19040748647867,"LMAN1"
"319",5.94809972982063,6.05057532827839,5.89823872123281,5.739027791834,5.36708745044744,5.89847385125895,"EIF2D"
"320",6.47466408821407,6.47221364335224,6.45976567008056,6.68143940101485,6.24492018627858,6.62744170311895,"COQ9"
"321",10.1657503113495,9.67353117647832,10.1635284203528,9.91520571758981,9.81820533998475,9.94154635836045,"OR10R2"
"322",9.02291965606762,8.96579658698432,9.44813414467307,9.29719424934963,8.93619771338582,9.36310197422027,"PM20D1"
"323",5.10435385723276,5.21499214559296,4.94200576631926,5.08534706173868,5.24693989004296,5.00429848111752,"EPAS1"
"324",9.0891995593831,8.98041929985018,9.47895631817975,9.04778779102452,9.13602410901867,9.60256426073906,"SPATA24"
"325",10.1663057238406,10.6021375003788,10.2777103183341,10.5395558360582,10.5035008140155,10.5340822114926,"PRKCDBP"
"326",11.2955281503717,10.7340870419415,11.3724960174529,11.2311371164552,11.0505113235857,11.2778381112784,"EPB41L2"
"327",9.04176496409158,9.12761513338857,9.47787883555385,9.19997341284173,8.88082376417176,9.45155478581346,"GNPAT"
"328",14.0837672177769,14.090404520698,14.1096707786119,14.1083024033203,13.5743109309742,13.791266997038,"ATP6V0C"
"329",8.22490880036595,8.1240431806289,8.20570544493327,8.48822364240285,8.52612798156691,8.15570133892602,"TMEM170A"
"330",6.12894637912022,6.01527346161105,5.48439791486073,5.61066736344996,5.68728852355487,5.68471836752877,"MYLPF"
"331",6.96402673813375,7.3855312439897,6.97201891071191,7.27905752368785,7.10231573479814,7.52370528504248,"LMTK3"
"332",6.82932544201366,6.77783461097571,6.93670571238609,6.97630837885281,6.86464706393265,6.54475223890893,"MLX"
"333",5.75000677459338,5.69353828246828,6.20765867758746,5.65226065585169,5.65030516027309,6.14964102979715,"BCL2"
"334",7.1357518206125,7.69006739583117,7.15925322958904,7.09983389878925,7.05214616308339,7.50414644389425,"GUCA1C"
"335",9.04900523189032,8.91010129980552,8.57069107619339,8.59847674773688,8.6247046924172,9.06885817841676,"RPTN"
"336",9.77936896350641,10.2080285008525,9.78283789030957,10.1596039648022,10.0734515579682,10.0839707545994,"EDEM1"
"337",9.82030684005189,9.81784707159094,9.87331007714475,9.54538012149254,9.49511913421166,9.60019401157445,"LINC01054"
"338",5.84664008904289,6.38480183009751,5.81645301480709,5.90758054712495,6.07491606493643,5.78464320788234,"CMC2"
"339",7.57038245378962,7.69740957697169,7.82410535611455,7.76649188830824,8.01361831847811,7.76318212877045,"EMC4"
"340",7.25188634945939,7.57483467624005,7.76143979812883,7.88701240106641,7.30746207230914,7.67027385968498,"SLC13A4"
"341",8.94396868602795,8.91844606487481,8.9338230574075,9.27925341077819,8.94361538404186,9.1050007124114,"GGT2"
"342",12.8695668262717,12.758455440342,12.7982367898505,13.2314254307241,12.8735421390383,12.6894382826314,"ACAP3"
"343",10.2069774080113,10.1991791331696,9.79684040512262,10.076237458503,9.88502608339345,9.55026663362368,"TRDJ2"
"344",5.44072665395457,5.09804774170479,5.24139568336783,5.03572658927155,5.33047897300632,5.50655588812742,"LLPH-AS1"
"345",8.59583409063642,8.74701309212484,8.64523165809959,7.67379580608391,6.93387217875832,7.70078817226567,"IFNL3"
"346",9.9625218966593,10.3802455216525,10.0975880946277,9.85333641614763,10.17890486477,10.1539284275369,"TPRG1L"
"347",9.44660170250528,9.44896304356948,9.11999912270829,9.43821535051068,9.11678773243831,8.8653850414187,"CNTNAP2"
"348",7.7153945474629,8.12789474996562,8.11435806268945,7.65891843716797,7.665054242898,7.60122903177372,"NINJ2"
"349",7.8875692760032,7.83338500534209,7.91895837532529,7.71371632784935,7.52975614331639,7.58205331347228,"PUS10"
"350",6.72084299709643,7.14842222833175,6.78165776812229,7.21890558860154,7.068643352453,6.9841077323841,"PCIF1"
"351",7.90864536343536,8.3813422451191,8.38314167327864,8.06237060976763,7.96959145417596,8.3471729585836,"USO1"
"352",5.82915246787576,6.0992833534253,6.15345388357125,6.37966833825846,6.1735866678373,5.70561739743157,"UNC119B"
"353",10.3780803173621,9.72868164564496,10.3112695550287,9.81572702209854,9.83448848462226,10.37377067549,"TRS-GCT4-1"
"354",8.62917218832685,8.80927429829754,8.93236976522621,8.49787203582923,8.81977141533945,8.92040341860386,"ZMYM4-AS1"
"355",12.1856034086998,12.2188452612544,11.7219619127426,11.1681433206133,11.0114304149611,10.658406199336,"IFNL2"
"356",7.62655331760217,7.49120624287605,7.15845990916337,7.08953199712971,7.56139052049757,7.40160638650587,"ZNF714"
"357",9.48844470969488,9.62452253307771,9.33068966180522,9.53390882961679,9.13138395839348,9.58904021906172,"CCDC78"
"358",10.8018435027694,10.2123991251249,10.6019487474446,10.2398305713177,10.2774227337859,10.2089824886625,"JUN"
"359",12.5110679132259,12.4820722986726,12.6410222181148,12.4881771958344,12.3381214389043,12.6981401159162,"RBPMS-AS1"
"360",8.24507251216061,8.51781906644181,7.96047216905863,7.99054576551929,8.17595719285545,8.38083726969314,"EFCAB11"
"361",9.0264442818505,9.26103488355204,9.15672086076609,9.44844268651608,9.29224596243783,9.19936113269312,"LRWD1"
"362",11.5744081381477,11.6477412444388,11.7178681453252,11.3185838460472,11.1767804247728,11.5418885007185,"DNAJC3"
"363",6.93956479224606,7.19555620265158,7.45894480714562,7.27846679805001,7.45677948795778,7.26436344619352,"FAM63A"
"364",10.2175242341405,10.271662890936,10.6601306305933,10.1604309233101,10.0293031881566,10.2400399385263,"OR5J2"
"365",11.1784295042704,11.5507701315022,11.5947637666176,11.3025927150231,11.5390154047636,11.4015851317639,"TIMM22"
"366",8.01704163476484,7.74313376024163,7.62708997547005,7.88391983745451,8.04731582605426,7.55133875497658,"FBXO22-AS1"
"367",14.5227714762104,14.6999747024379,14.5129059310179,14.9500855920807,14.8736849985132,14.6091676065755,"TTYH2"
"368",8.20506698427925,8.5469183816626,8.07196487426685,8.04821616145951,8.36509713462013,8.37330249284507,"MPZL3"
"369",7.85823109915766,8.16726751458456,7.68198970505363,7.96150328335811,7.9906422649578,7.82981026505028,"ADM2"
"370",14.2901775093318,14.1612466677773,13.9089518858864,14.3213717936677,14.2363342622509,14.444281634413,"MCCC1"
"371",15.047681736534,14.9224540314444,14.9084202371176,15.241117831698,14.9843768236539,15.2597686476046,"RNF32"
"372",5.35952076942645,5.85613066337206,5.55772234206907,5.69760971551544,5.92788671475603,5.32211961514052,"MMVP1"
"373",6.85336782820205,7.00061189113478,7.41110530548499,7.27148696203954,7.12478335692854,6.78385510568829,"RNU6-8"
"374",9.95596816679978,9.86082486498936,10.1874115523273,10.1767684924101,10.3463775548075,10.0523333555222,"LRRC31"
"375",5.20992661748167,5.24103191850954,5.11814762089472,5.30632561884489,5.07641878120293,4.9996968385728,"AREL1"
"376",11.7182729761402,11.4220488741777,11.6052808714234,11.7699061159837,11.513007911676,11.5504869281674,"HADH"
"377",8.78263419600024,8.98294640027925,9.26289158182811,8.73362494893015,8.9754571384744,8.78447005075894,"ALPI"
"378",13.79809938499,13.3384938903481,13.7446805394599,13.4105804619916,13.5200236242365,13.7170786657941,"EXOSC6"
"379",11.9479775057307,12.1348773018174,12.2073718263385,11.9631659758947,12.0230284864038,12.111664616045,"ERVK-8"
"380",6.56992345310307,6.20423268469766,6.65069624417257,6.09543065854362,6.43250593705109,6.05838147968918,"TUBA4B"
"381",8.49720786638003,8.3024214189169,8.05690491671097,7.97870902025798,8.32070601935035,7.80082203619166,"TOR1AIP1"
"382",9.66419763600399,10.041771757915,9.43917525157489,9.75998195923048,9.50620765110625,9.52958494939326,"AJAP1"
"383",9.32036931244146,9.4575377766851,9.37629056801124,9.60610128177671,9.49143993335733,9.29641931099136,"SLC9C1"
"384",15.3753682355461,15.5703076980498,15.6546252893845,15.5228436244719,15.277791108493,15.4663347565912,"MCM7"
"385",4.33699903225763,4.05189054591926,4.23480081298936,4.36029902550937,4.53184537273835,4.11340793130957,"LPA"
"386",8.3062457088973,8.95575481182113,8.86564411560695,8.59067382348396,8.70522852859839,8.48753697699297,"RPL11"
"387",7.46893235856861,7.18376623854856,7.16843234852179,7.35657784527219,7.07114846992061,7.44843525875845,"DUX4L23"
"388",9.64759615760232,10.0511501083374,9.76034044258201,9.74484493326003,9.45871639601398,10.0584814149179,"STT3A-AS1"
"389",8.86986936988491,9.30339510260291,8.98303646265186,9.02677839354064,8.73994287222155,8.86287050961265,"IL18R1"
"390",8.98616631926365,9.41927934545994,9.46260921665607,8.91546568723657,8.89894928153213,9.43410614055651,"SSFA2"
"391",7.84097900949465,7.93993229028933,7.46869210071172,7.62926048941849,7.70708216775104,7.64928834974131,"TMEM132C"
"392",4.72258887479454,5.34308953785394,5.13105339032621,4.99557945529265,5.37187626149415,5.04338050768994,"TPSD1"
"393",8.14944051380817,8.68173149784996,8.5682993545117,8.37696191488824,8.33821221548968,8.25677548916361,"PHYHIP"
"394",4.03216510591304,3.92074004168651,4.04735946276237,4.17102248522473,4.25513878726642,4.00132669755882,"ZNF705A"
"395",11.4258422195588,11.7733449680077,11.8112932899642,11.2931810512441,11.9181284936323,11.626097008944,"OR6C74"
"396",12.4139251280804,12.3890431178595,12.7952071275334,12.6021362698082,12.4272478197735,12.907598233078,"FCF1"
"397",6.80251008590232,6.67634051463444,6.55276156720766,7.80615750484936,8.47492988348924,7.44636848923849,"CD80"
"398",7.32109507709257,7.15477389311474,7.21922826716773,5.90338665176636,6.10116922282481,6.85440176510313,"IFNL1"
"399",9.96204359421663,10.0618163993081,10.1152600194268,10.2599624403003,9.85087225156373,10.0397323352129,"CRHR1"
"400",6.58954256290302,6.87777024230983,6.6856058489848,6.96746875573408,7.124920698568,7.1613686739339,"LINC00102"
"401",7.54329002114213,8.04330039720831,7.9271634100508,8.17798239769021,7.72880326068132,7.84133597846475,"POLR3K"
"402",8.98049739437651,8.73646202787065,8.86249111119271,8.55191270421632,8.8562458432035,8.96313681952085,"SNAR-B1"
"403",6.89687759112433,6.98165864052022,7.22667160359507,9.60678221072592,9.9108460837281,8.20308051611099,"ATF4"
"404",7.78279890681459,7.60085741428144,7.76071663064606,7.65108064971173,7.74329389159874,7.35450283681789,"MAT2A"
"405",6.0916864026375,6.36602008021073,6.06762119603359,6.28996454457607,5.91993066087678,6.16180061247351,"ELMO3"
"406",8.16492410087373,7.95106969512513,8.03128939452685,7.74823272250037,7.7801859642443,7.74000088514844,"STPG1"
"407",8.99473797400114,8.86700372366855,8.9544497023509,9.08486669491284,8.89768804339622,8.8546281931297,"ATXN2"
"408",9.1485469133722,8.78648805120146,8.63348356091881,8.93609724538574,8.6185117938713,9.04983268227367,"SAP30BP"
"409",10.3039152331285,10.0071527127795,10.133450178414,10.0307358055804,9.91343782262574,10.5331598625157,"DUX4L14"
"410",6.32712750744262,6.36126990909096,6.25440855536764,5.77219505838969,6.05245501314903,6.12053854327562,"TAS2R60"
"411",6.22600807053469,6.64282871602312,6.70351655508401,6.07020650308581,6.4464283686292,6.66902056454436,"DFNB27"
"412",9.35190200785163,8.90856698000455,9.04127620432233,8.81100635885833,9.17209824829968,8.81115133469998,"RPL8"
"413",6.37956320915494,6.54502729258583,6.30932247767267,6.40753181377338,6.04854254968911,6.08594183982024,"MCIDAS"
"414",10.1040046755494,10.0301807051269,10.3599243195335,10.1558303507398,10.1969100869896,10.1082615825354,"FAM25E"
"415",4.8200137815229,4.18741767574017,4.44051196027586,4.69543662176349,4.50706514483805,4.75345019692706,"ARHGAP11B"
"416",8.18921793131478,8.59821054311924,8.52214364377501,8.88459466378348,8.40262224620953,8.20885193710246,"NGB"
"417",5.78729693990917,5.95954057339538,6.35712426144939,6.02507241038181,5.8284142965961,5.90238188259947,"LINGO1-AS1"
"418",9.29169571157354,9.72186275387664,9.63747188439342,9.33622263391452,9.40880424232073,9.33337300620568,"STXBP2"
"419",12.771241742486,12.6832220481133,12.7784150932608,12.4564322640512,12.830668674374,12.9206608253323,"SPDYA"
"420",7.75149493920792,7.34869172078034,7.70045718237134,7.31984976828551,7.52278214918248,7.89595184095071,"DYX2"
"421",9.31379262321474,9.00815514843703,9.42016562631808,7.80214343965539,6.7556318300559,7.23080923081794,"CCL5"
"422",10.3810756510582,10.5595132173409,10.4206399641724,10.1315318263593,10.3725320916898,10.0377975438489,"ATF7IP"
"423",7.36531144529175,6.86626903563492,7.2462234308069,7.23908757878297,7.10935079375612,6.82921572312539,"IFI35"
"424",6.45584303466279,6.2687709629588,6.69403190248133,8.71198161494643,8.7947951171101,7.57578383361041,"ABCC2"
"425",10.456086936094,10.2398496314791,10.5576442493977,10.3989792359936,10.5560252778337,9.90936163930618,"NNT-AS1"
"426",9.20964983205869,9.20182566893139,9.4242436544739,9.26036418262885,9.84813116749607,9.26837882083448,"ZNF716"
"427",8.57597208643626,8.45562088358132,8.55579166053776,8.63707427587426,8.52281010226855,8.5560168580778,"TRDMT1"
"428",12.2321430538409,12.4632068275225,12.5343565283353,12.4223039489179,12.6492881847036,12.7174346354435,"RGMB"
"429",6.40148249273587,6.36564420295291,6.66238751627874,6.40927703442267,6.41646325027884,6.99201372760341,"GLE1"
"430",6.31937348068484,6.62849667666379,6.82442329060164,6.29471768826054,6.80673004180749,6.27240326102689,"NAT8L"
"431",10.2636108291257,10.0431426948803,10.4362896051037,10.0073879807025,10.1347862178739,10.4963315954512,"RHBDD2"
"432",8.18149227515243,7.76867847960782,7.96967881509389,7.52550159117116,7.99077392226755,8.12323292310021,"TTC28-AS1"
"433",6.16422826559008,6.45144499620393,5.97998667167028,6.1312062497944,6.376341054752,5.98171077984706,"RCL1"
"434",12.7113568331443,12.7500039698788,12.986946204992,12.9503152189469,12.8990940223089,12.7523020721409,"GRAP2"
"435",6.04370555357327,6.06970604772663,5.76641942118838,5.84108967668657,6.16843751244093,6.15512845644828,"C12orf77"
"436",7.48048424694348,7.30776801287625,7.16874842023593,6.98989463527769,7.23435001771736,6.95816694488817,"TPM3"
"437",8.78647376078362,8.45676216253592,8.46539261736864,8.82844480605318,8.3662104665482,8.72781255089396,"SHFM1"
"438",8.67619322162669,8.29452107244704,8.70063681902092,8.47662106662546,8.13996565311488,8.42318814071068,"SNHG16"
"439",4.84938099131227,4.96435780753003,5.04927482739937,3.60807134578851,4.54566342262075,3.82160897714631,"CCL2"
"440",9.44184480332448,9.5470296360833,9.55803146176978,9.91468844249076,9.82696214886541,9.88173706860164,"GCC2"
"441",6.13602729663362,6.203112487914,6.68361710296903,6.57204050952084,6.34855784315524,6.2886196748006,"RBM23"
"442",4.70302950943551,4.28385613830068,4.6604549600235,4.69405086294362,4.73696957495312,4.644807560238,"UBN1"
"443",11.7559173410368,11.9563666998089,11.8156440419693,11.6856346276301,11.4125679210597,11.8525969691972,"SLIT2-IT1"
"444",5.91630533490476,5.62976125553212,5.89691513458196,6.15545954874495,6.00630024048879,5.60538517941372,"FOXA2"
